Calendar_Year,Month,Policing_District,Incident_Count
2008,Apr,Northern Ireland,7056
2008,Apr,Belfast City,2092
2008,Apr,Lisburn & Castlereagh City,428
2008,Apr,Ards & North Down,579
2008,Apr,Newry Mourne & Down,535
2008,Apr,Armagh City Banbridge & Craigavon,638
2008,Apr,Mid Ulster,314
2008,Apr,Fermanagh & Omagh,281
2008,Apr,Derry City & Strabane,555
2008,Apr,Causeway Coast & Glens,540
2008,Apr,Mid & East Antrim,562
2008,Apr,Antrim & Newtownabbey,532
2008,Apr,No Policing District Assigned,0
2008,May,Northern Ireland,9129
2008,May,Belfast City,2743
2008,May,Lisburn & Castlereagh City,588
2008,May,Ards & North Down,833
2008,May,Newry Mourne & Down,766
2008,May,Armagh City Banbridge & Craigavon,778
2008,May,Mid Ulster,484
2008,May,Fermanagh & Omagh,444
2008,May,Derry City & Strabane,615
2008,May,Causeway Coast & Glens,644
2008,May,Mid & East Antrim,617
2008,May,Antrim & Newtownabbey,617
2008,May,No Policing District Assigned,0
2008,Jun,Northern Ireland,7344
2008,Jun,Belfast City,2094
2008,Jun,Lisburn & Castlereagh City,420
2008,Jun,Ards & North Down,620
2008,Jun,Newry Mourne & Down,599
2008,Jun,Armagh City Banbridge & Craigavon,683
2008,Jun,Mid Ulster,386
2008,Jun,Fermanagh & Omagh,361
2008,Jun,Derry City & Strabane,568
2008,Jun,Causeway Coast & Glens,602
2008,Jun,Mid & East Antrim,482
2008,Jun,Antrim & Newtownabbey,529
2008,Jun,No Policing District Assigned,0
2008,Jul,Northern Ireland,8142
2008,Jul,Belfast City,2289
2008,Jul,Lisburn & Castlereagh City,381
2008,Jul,Ards & North Down,563
2008,Jul,Newry Mourne & Down,609
2008,Jul,Armagh City Banbridge & Craigavon,760
2008,Jul,Mid Ulster,448
2008,Jul,Fermanagh & Omagh,428
2008,Jul,Derry City & Strabane,732
2008,Jul,Causeway Coast & Glens,724
2008,Jul,Mid & East Antrim,602
2008,Jul,Antrim & Newtownabbey,606
2008,Jul,No Policing District Assigned,0
2008,Aug,Northern Ireland,8035
2008,Aug,Belfast City,2260
2008,Aug,Lisburn & Castlereagh City,423
2008,Aug,Ards & North Down,426
2008,Aug,Newry Mourne & Down,602
2008,Aug,Armagh City Banbridge & Craigavon,796
2008,Aug,Mid Ulster,400
2008,Aug,Fermanagh & Omagh,388
2008,Aug,Derry City & Strabane,682
2008,Aug,Causeway Coast & Glens,754
2008,Aug,Mid & East Antrim,667
2008,Aug,Antrim & Newtownabbey,637
2008,Aug,No Policing District Assigned,0
2008,Sep,Northern Ireland,7011
2008,Sep,Belfast City,2067
2008,Sep,Lisburn & Castlereagh City,401
2008,Sep,Ards & North Down,360
2008,Sep,Newry Mourne & Down,550
2008,Sep,Armagh City Banbridge & Craigavon,687
2008,Sep,Mid Ulster,354
2008,Sep,Fermanagh & Omagh,342
2008,Sep,Derry City & Strabane,613
2008,Sep,Causeway Coast & Glens,532
2008,Sep,Mid & East Antrim,548
2008,Sep,Antrim & Newtownabbey,557
2008,Sep,No Policing District Assigned,0
2008,Oct,Northern Ireland,7697
2008,Oct,Belfast City,1929
2008,Oct,Lisburn & Castlereagh City,443
2008,Oct,Ards & North Down,501
2008,Oct,Newry Mourne & Down,697
2008,Oct,Armagh City Banbridge & Craigavon,809
2008,Oct,Mid Ulster,475
2008,Oct,Fermanagh & Omagh,371
2008,Oct,Derry City & Strabane,648
2008,Oct,Causeway Coast & Glens,634
2008,Oct,Mid & East Antrim,596
2008,Oct,Antrim & Newtownabbey,594
2008,Oct,No Policing District Assigned,0
2008,Nov,Northern Ireland,6076
2008,Nov,Belfast City,1583
2008,Nov,Lisburn & Castlereagh City,340
2008,Nov,Ards & North Down,436
2008,Nov,Newry Mourne & Down,520
2008,Nov,Armagh City Banbridge & Craigavon,585
2008,Nov,Mid Ulster,354
2008,Nov,Fermanagh & Omagh,278
2008,Nov,Derry City & Strabane,528
2008,Nov,Causeway Coast & Glens,478
2008,Nov,Mid & East Antrim,496
2008,Nov,Antrim & Newtownabbey,478
2008,Nov,No Policing District Assigned,0
2008,Dec,Northern Ireland,5902
2008,Dec,Belfast City,1568
2008,Dec,Lisburn & Castlereagh City,336
2008,Dec,Ards & North Down,417
2008,Dec,Newry Mourne & Down,461
2008,Dec,Armagh City Banbridge & Craigavon,521
2008,Dec,Mid Ulster,347
2008,Dec,Fermanagh & Omagh,270
2008,Dec,Derry City & Strabane,554
2008,Dec,Causeway Coast & Glens,519
2008,Dec,Mid & East Antrim,455
2008,Dec,Antrim & Newtownabbey,454
2008,Dec,No Policing District Assigned,0
2009,Jan,Northern Ireland,5499
2009,Jan,Belfast City,1523
2009,Jan,Lisburn & Castlereagh City,326
2009,Jan,Ards & North Down,355
2009,Jan,Newry Mourne & Down,470
2009,Jan,Armagh City Banbridge & Craigavon,507
2009,Jan,Mid Ulster,328
2009,Jan,Fermanagh & Omagh,203
2009,Jan,Derry City & Strabane,509
2009,Jan,Causeway Coast & Glens,448
2009,Jan,Mid & East Antrim,408
2009,Jan,Antrim & Newtownabbey,422
2009,Jan,No Policing District Assigned,0
2009,Feb,Northern Ireland,6564
2009,Feb,Belfast City,1834
2009,Feb,Lisburn & Castlereagh City,379
2009,Feb,Ards & North Down,440
2009,Feb,Newry Mourne & Down,495
2009,Feb,Armagh City Banbridge & Craigavon,496
2009,Feb,Mid Ulster,363
2009,Feb,Fermanagh & Omagh,292
2009,Feb,Derry City & Strabane,704
2009,Feb,Causeway Coast & Glens,479
2009,Feb,Mid & East Antrim,485
2009,Feb,Antrim & Newtownabbey,597
2009,Feb,No Policing District Assigned,0
2009,Mar,Northern Ireland,6715
2009,Mar,Belfast City,1986
2009,Mar,Lisburn & Castlereagh City,378
2009,Mar,Ards & North Down,511
2009,Mar,Newry Mourne & Down,513
2009,Mar,Armagh City Banbridge & Craigavon,545
2009,Mar,Mid Ulster,390
2009,Mar,Fermanagh & Omagh,228
2009,Mar,Derry City & Strabane,649
2009,Mar,Causeway Coast & Glens,571
2009,Mar,Mid & East Antrim,468
2009,Mar,Antrim & Newtownabbey,476
2009,Mar,No Policing District Assigned,0
2009,Apr,Northern Ireland,7362
2009,Apr,Belfast City,2050
2009,Apr,Lisburn & Castlereagh City,389
2009,Apr,Ards & North Down,535
2009,Apr,Newry Mourne & Down,577
2009,Apr,Armagh City Banbridge & Craigavon,708
2009,Apr,Mid Ulster,414
2009,Apr,Fermanagh & Omagh,304
2009,Apr,Derry City & Strabane,691
2009,Apr,Causeway Coast & Glens,605
2009,Apr,Mid & East Antrim,488
2009,Apr,Antrim & Newtownabbey,601
2009,Apr,No Policing District Assigned,0
2009,May,Northern Ireland,7599
2009,May,Belfast City,2247
2009,May,Lisburn & Castlereagh City,406
2009,May,Ards & North Down,592
2009,May,Newry Mourne & Down,639
2009,May,Armagh City Banbridge & Craigavon,721
2009,May,Mid Ulster,407
2009,May,Fermanagh & Omagh,315
2009,May,Derry City & Strabane,674
2009,May,Causeway Coast & Glens,537
2009,May,Mid & East Antrim,507
2009,May,Antrim & Newtownabbey,554
2009,May,No Policing District Assigned,0
2009,Jun,Northern Ireland,8311
2009,Jun,Belfast City,2439
2009,Jun,Lisburn & Castlereagh City,467
2009,Jun,Ards & North Down,598
2009,Jun,Newry Mourne & Down,650
2009,Jun,Armagh City Banbridge & Craigavon,745
2009,Jun,Mid Ulster,439
2009,Jun,Fermanagh & Omagh,371
2009,Jun,Derry City & Strabane,711
2009,Jun,Causeway Coast & Glens,657
2009,Jun,Mid & East Antrim,556
2009,Jun,Antrim & Newtownabbey,678
2009,Jun,No Policing District Assigned,0
2009,Jul,Northern Ireland,7600
2009,Jul,Belfast City,2105
2009,Jul,Lisburn & Castlereagh City,392
2009,Jul,Ards & North Down,516
2009,Jul,Newry Mourne & Down,586
2009,Jul,Armagh City Banbridge & Craigavon,656
2009,Jul,Mid Ulster,433
2009,Jul,Fermanagh & Omagh,334
2009,Jul,Derry City & Strabane,713
2009,Jul,Causeway Coast & Glens,668
2009,Jul,Mid & East Antrim,534
2009,Jul,Antrim & Newtownabbey,663
2009,Jul,No Policing District Assigned,0
2009,Aug,Northern Ireland,7540
2009,Aug,Belfast City,2203
2009,Aug,Lisburn & Castlereagh City,426
2009,Aug,Ards & North Down,508
2009,Aug,Newry Mourne & Down,585
2009,Aug,Armagh City Banbridge & Craigavon,618
2009,Aug,Mid Ulster,371
2009,Aug,Fermanagh & Omagh,324
2009,Aug,Derry City & Strabane,671
2009,Aug,Causeway Coast & Glens,685
2009,Aug,Mid & East Antrim,533
2009,Aug,Antrim & Newtownabbey,616
2009,Aug,No Policing District Assigned,0
2009,Sep,Northern Ireland,6939
2009,Sep,Belfast City,2046
2009,Sep,Lisburn & Castlereagh City,364
2009,Sep,Ards & North Down,441
2009,Sep,Newry Mourne & Down,470
2009,Sep,Armagh City Banbridge & Craigavon,561
2009,Sep,Mid Ulster,358
2009,Sep,Fermanagh & Omagh,297
2009,Sep,Derry City & Strabane,607
2009,Sep,Causeway Coast & Glens,575
2009,Sep,Mid & East Antrim,573
2009,Sep,Antrim & Newtownabbey,647
2009,Sep,No Policing District Assigned,0
2009,Oct,Northern Ireland,8008
2009,Oct,Belfast City,2120
2009,Oct,Lisburn & Castlereagh City,435
2009,Oct,Ards & North Down,554
2009,Oct,Newry Mourne & Down,551
2009,Oct,Armagh City Banbridge & Craigavon,692
2009,Oct,Mid Ulster,521
2009,Oct,Fermanagh & Omagh,457
2009,Oct,Derry City & Strabane,674
2009,Oct,Causeway Coast & Glens,721
2009,Oct,Mid & East Antrim,584
2009,Oct,Antrim & Newtownabbey,699
2009,Oct,No Policing District Assigned,0
2009,Nov,Northern Ireland,5043
2009,Nov,Belfast City,1486
2009,Nov,Lisburn & Castlereagh City,303
2009,Nov,Ards & North Down,336
2009,Nov,Newry Mourne & Down,363
2009,Nov,Armagh City Banbridge & Craigavon,418
2009,Nov,Mid Ulster,283
2009,Nov,Fermanagh & Omagh,229
2009,Nov,Derry City & Strabane,461
2009,Nov,Causeway Coast & Glens,407
2009,Nov,Mid & East Antrim,378
2009,Nov,Antrim & Newtownabbey,379
2009,Nov,No Policing District Assigned,0
2009,Dec,Northern Ireland,5663
2009,Dec,Belfast City,1611
2009,Dec,Lisburn & Castlereagh City,318
2009,Dec,Ards & North Down,357
2009,Dec,Newry Mourne & Down,384
2009,Dec,Armagh City Banbridge & Craigavon,422
2009,Dec,Mid Ulster,362
2009,Dec,Fermanagh & Omagh,280
2009,Dec,Derry City & Strabane,534
2009,Dec,Causeway Coast & Glens,455
2009,Dec,Mid & East Antrim,484
2009,Dec,Antrim & Newtownabbey,456
2009,Dec,No Policing District Assigned,0
2010,Jan,Northern Ireland,5239
2010,Jan,Belfast City,1507
2010,Jan,Lisburn & Castlereagh City,299
2010,Jan,Ards & North Down,320
2010,Jan,Newry Mourne & Down,372
2010,Jan,Armagh City Banbridge & Craigavon,423
2010,Jan,Mid Ulster,341
2010,Jan,Fermanagh & Omagh,214
2010,Jan,Derry City & Strabane,507
2010,Jan,Causeway Coast & Glens,406
2010,Jan,Mid & East Antrim,436
2010,Jan,Antrim & Newtownabbey,414
2010,Jan,No Policing District Assigned,0
2010,Feb,Northern Ireland,4818
2010,Feb,Belfast City,1432
2010,Feb,Lisburn & Castlereagh City,273
2010,Feb,Ards & North Down,349
2010,Feb,Newry Mourne & Down,354
2010,Feb,Armagh City Banbridge & Craigavon,360
2010,Feb,Mid Ulster,311
2010,Feb,Fermanagh & Omagh,223
2010,Feb,Derry City & Strabane,399
2010,Feb,Causeway Coast & Glens,333
2010,Feb,Mid & East Antrim,356
2010,Feb,Antrim & Newtownabbey,428
2010,Feb,No Policing District Assigned,0
2010,Mar,Northern Ireland,6061
2010,Mar,Belfast City,1933
2010,Mar,Lisburn & Castlereagh City,394
2010,Mar,Ards & North Down,418
2010,Mar,Newry Mourne & Down,420
2010,Mar,Armagh City Banbridge & Craigavon,484
2010,Mar,Mid Ulster,338
2010,Mar,Fermanagh & Omagh,252
2010,Mar,Derry City & Strabane,502
2010,Mar,Causeway Coast & Glens,390
2010,Mar,Mid & East Antrim,476
2010,Mar,Antrim & Newtownabbey,454
2010,Mar,No Policing District Assigned,0
2010,Apr,Northern Ireland,6988
2010,Apr,Belfast City,2205
2010,Apr,Lisburn & Castlereagh City,407
2010,Apr,Ards & North Down,497
2010,Apr,Newry Mourne & Down,473
2010,Apr,Armagh City Banbridge & Craigavon,518
2010,Apr,Mid Ulster,369
2010,Apr,Fermanagh & Omagh,322
2010,Apr,Derry City & Strabane,681
2010,Apr,Causeway Coast & Glens,466
2010,Apr,Mid & East Antrim,521
2010,Apr,Antrim & Newtownabbey,529
2010,Apr,No Policing District Assigned,0
2010,May,Northern Ireland,7352
2010,May,Belfast City,2261
2010,May,Lisburn & Castlereagh City,423
2010,May,Ards & North Down,506
2010,May,Newry Mourne & Down,527
2010,May,Armagh City Banbridge & Craigavon,557
2010,May,Mid Ulster,376
2010,May,Fermanagh & Omagh,341
2010,May,Derry City & Strabane,737
2010,May,Causeway Coast & Glens,540
2010,May,Mid & East Antrim,519
2010,May,Antrim & Newtownabbey,565
2010,May,No Policing District Assigned,0
2010,Jun,Northern Ireland,7143
2010,Jun,Belfast City,2254
2010,Jun,Lisburn & Castlereagh City,402
2010,Jun,Ards & North Down,520
2010,Jun,Newry Mourne & Down,480
2010,Jun,Armagh City Banbridge & Craigavon,579
2010,Jun,Mid Ulster,373
2010,Jun,Fermanagh & Omagh,307
2010,Jun,Derry City & Strabane,659
2010,Jun,Causeway Coast & Glens,505
2010,Jun,Mid & East Antrim,468
2010,Jun,Antrim & Newtownabbey,596
2010,Jun,No Policing District Assigned,0
2010,Jul,Northern Ireland,7106
2010,Jul,Belfast City,2053
2010,Jul,Lisburn & Castlereagh City,405
2010,Jul,Ards & North Down,525
2010,Jul,Newry Mourne & Down,546
2010,Jul,Armagh City Banbridge & Craigavon,608
2010,Jul,Mid Ulster,375
2010,Jul,Fermanagh & Omagh,296
2010,Jul,Derry City & Strabane,681
2010,Jul,Causeway Coast & Glens,557
2010,Jul,Mid & East Antrim,497
2010,Jul,Antrim & Newtownabbey,563
2010,Jul,No Policing District Assigned,0
2010,Aug,Northern Ireland,7071
2010,Aug,Belfast City,2058
2010,Aug,Lisburn & Castlereagh City,416
2010,Aug,Ards & North Down,479
2010,Aug,Newry Mourne & Down,511
2010,Aug,Armagh City Banbridge & Craigavon,591
2010,Aug,Mid Ulster,402
2010,Aug,Fermanagh & Omagh,302
2010,Aug,Derry City & Strabane,681
2010,Aug,Causeway Coast & Glens,599
2010,Aug,Mid & East Antrim,492
2010,Aug,Antrim & Newtownabbey,540
2010,Aug,No Policing District Assigned,0
2010,Sep,Northern Ireland,6468
2010,Sep,Belfast City,1915
2010,Sep,Lisburn & Castlereagh City,396
2010,Sep,Ards & North Down,492
2010,Sep,Newry Mourne & Down,412
2010,Sep,Armagh City Banbridge & Craigavon,521
2010,Sep,Mid Ulster,341
2010,Sep,Fermanagh & Omagh,254
2010,Sep,Derry City & Strabane,590
2010,Sep,Causeway Coast & Glens,548
2010,Sep,Mid & East Antrim,429
2010,Sep,Antrim & Newtownabbey,570
2010,Sep,No Policing District Assigned,0
2010,Oct,Northern Ireland,7731
2010,Oct,Belfast City,2069
2010,Oct,Lisburn & Castlereagh City,418
2010,Oct,Ards & North Down,506
2010,Oct,Newry Mourne & Down,594
2010,Oct,Armagh City Banbridge & Craigavon,730
2010,Oct,Mid Ulster,577
2010,Oct,Fermanagh & Omagh,399
2010,Oct,Derry City & Strabane,700
2010,Oct,Causeway Coast & Glens,561
2010,Oct,Mid & East Antrim,517
2010,Oct,Antrim & Newtownabbey,660
2010,Oct,No Policing District Assigned,0
2010,Nov,Northern Ireland,5588
2010,Nov,Belfast City,1594
2010,Nov,Lisburn & Castlereagh City,304
2010,Nov,Ards & North Down,323
2010,Nov,Newry Mourne & Down,447
2010,Nov,Armagh City Banbridge & Craigavon,454
2010,Nov,Mid Ulster,345
2010,Nov,Fermanagh & Omagh,266
2010,Nov,Derry City & Strabane,610
2010,Nov,Causeway Coast & Glens,402
2010,Nov,Mid & East Antrim,414
2010,Nov,Antrim & Newtownabbey,429
2010,Nov,No Policing District Assigned,0
2010,Dec,Northern Ireland,5961
2010,Dec,Belfast City,1690
2010,Dec,Lisburn & Castlereagh City,336
2010,Dec,Ards & North Down,381
2010,Dec,Newry Mourne & Down,449
2010,Dec,Armagh City Banbridge & Craigavon,506
2010,Dec,Mid Ulster,368
2010,Dec,Fermanagh & Omagh,252
2010,Dec,Derry City & Strabane,492
2010,Dec,Causeway Coast & Glens,525
2010,Dec,Mid & East Antrim,458
2010,Dec,Antrim & Newtownabbey,504
2010,Dec,No Policing District Assigned,0
2011,Jan,Northern Ireland,4777
2011,Jan,Belfast City,1351
2011,Jan,Lisburn & Castlereagh City,326
2011,Jan,Ards & North Down,354
2011,Jan,Newry Mourne & Down,332
2011,Jan,Armagh City Banbridge & Craigavon,380
2011,Jan,Mid Ulster,278
2011,Jan,Fermanagh & Omagh,196
2011,Jan,Derry City & Strabane,467
2011,Jan,Causeway Coast & Glens,415
2011,Jan,Mid & East Antrim,338
2011,Jan,Antrim & Newtownabbey,340
2011,Jan,No Policing District Assigned,0
2011,Feb,Northern Ireland,4827
2011,Feb,Belfast City,1458
2011,Feb,Lisburn & Castlereagh City,263
2011,Feb,Ards & North Down,298
2011,Feb,Newry Mourne & Down,370
2011,Feb,Armagh City Banbridge & Craigavon,381
2011,Feb,Mid Ulster,279
2011,Feb,Fermanagh & Omagh,201
2011,Feb,Derry City & Strabane,419
2011,Feb,Causeway Coast & Glens,389
2011,Feb,Mid & East Antrim,401
2011,Feb,Antrim & Newtownabbey,368
2011,Feb,No Policing District Assigned,0
2011,Mar,Northern Ireland,5935
2011,Mar,Belfast City,1880
2011,Mar,Lisburn & Castlereagh City,311
2011,Mar,Ards & North Down,381
2011,Mar,Newry Mourne & Down,371
2011,Mar,Armagh City Banbridge & Craigavon,493
2011,Mar,Mid Ulster,365
2011,Mar,Fermanagh & Omagh,279
2011,Mar,Derry City & Strabane,563
2011,Mar,Causeway Coast & Glens,435
2011,Mar,Mid & East Antrim,419
2011,Mar,Antrim & Newtownabbey,438
2011,Mar,No Policing District Assigned,0
2011,Apr,Northern Ireland,6169
2011,Apr,Belfast City,1878
2011,Apr,Lisburn & Castlereagh City,347
2011,Apr,Ards & North Down,530
2011,Apr,Newry Mourne & Down,415
2011,Apr,Armagh City Banbridge & Craigavon,517
2011,Apr,Mid Ulster,307
2011,Apr,Fermanagh & Omagh,256
2011,Apr,Derry City & Strabane,583
2011,Apr,Causeway Coast & Glens,459
2011,Apr,Mid & East Antrim,444
2011,Apr,Antrim & Newtownabbey,433
2011,Apr,No Policing District Assigned,0
2011,May,Northern Ireland,4803
2011,May,Belfast City,1511
2011,May,Lisburn & Castlereagh City,302
2011,May,Ards & North Down,348
2011,May,Newry Mourne & Down,312
2011,May,Armagh City Banbridge & Craigavon,385
2011,May,Mid Ulster,266
2011,May,Fermanagh & Omagh,242
2011,May,Derry City & Strabane,423
2011,May,Causeway Coast & Glens,376
2011,May,Mid & East Antrim,308
2011,May,Antrim & Newtownabbey,330
2011,May,No Policing District Assigned,0
2011,Jun,Northern Ireland,5386
2011,Jun,Belfast City,1618
2011,Jun,Lisburn & Castlereagh City,312
2011,Jun,Ards & North Down,449
2011,Jun,Newry Mourne & Down,335
2011,Jun,Armagh City Banbridge & Craigavon,441
2011,Jun,Mid Ulster,296
2011,Jun,Fermanagh & Omagh,239
2011,Jun,Derry City & Strabane,472
2011,Jun,Causeway Coast & Glens,408
2011,Jun,Mid & East Antrim,412
2011,Jun,Antrim & Newtownabbey,404
2011,Jun,No Policing District Assigned,0
2011,Jul,Northern Ireland,6809
2011,Jul,Belfast City,2045
2011,Jul,Lisburn & Castlereagh City,399
2011,Jul,Ards & North Down,540
2011,Jul,Newry Mourne & Down,448
2011,Jul,Armagh City Banbridge & Craigavon,570
2011,Jul,Mid Ulster,429
2011,Jul,Fermanagh & Omagh,309
2011,Jul,Derry City & Strabane,540
2011,Jul,Causeway Coast & Glens,563
2011,Jul,Mid & East Antrim,443
2011,Jul,Antrim & Newtownabbey,523
2011,Jul,No Policing District Assigned,0
2011,Aug,Northern Ireland,6161
2011,Aug,Belfast City,1763
2011,Aug,Lisburn & Castlereagh City,294
2011,Aug,Ards & North Down,487
2011,Aug,Newry Mourne & Down,472
2011,Aug,Armagh City Banbridge & Craigavon,462
2011,Aug,Mid Ulster,416
2011,Aug,Fermanagh & Omagh,314
2011,Aug,Derry City & Strabane,552
2011,Aug,Causeway Coast & Glens,494
2011,Aug,Mid & East Antrim,442
2011,Aug,Antrim & Newtownabbey,465
2011,Aug,No Policing District Assigned,0
2011,Sep,Northern Ireland,5430
2011,Sep,Belfast City,1707
2011,Sep,Lisburn & Castlereagh City,289
2011,Sep,Ards & North Down,414
2011,Sep,Newry Mourne & Down,323
2011,Sep,Armagh City Banbridge & Craigavon,421
2011,Sep,Mid Ulster,338
2011,Sep,Fermanagh & Omagh,246
2011,Sep,Derry City & Strabane,485
2011,Sep,Causeway Coast & Glens,412
2011,Sep,Mid & East Antrim,407
2011,Sep,Antrim & Newtownabbey,388
2011,Sep,No Policing District Assigned,0
2011,Oct,Northern Ireland,6024
2011,Oct,Belfast City,1514
2011,Oct,Lisburn & Castlereagh City,271
2011,Oct,Ards & North Down,469
2011,Oct,Newry Mourne & Down,444
2011,Oct,Armagh City Banbridge & Craigavon,558
2011,Oct,Mid Ulster,474
2011,Oct,Fermanagh & Omagh,354
2011,Oct,Derry City & Strabane,515
2011,Oct,Causeway Coast & Glens,494
2011,Oct,Mid & East Antrim,470
2011,Oct,Antrim & Newtownabbey,460
2011,Oct,No Policing District Assigned,1
2011,Nov,Northern Ireland,4557
2011,Nov,Belfast City,1251
2011,Nov,Lisburn & Castlereagh City,244
2011,Nov,Ards & North Down,371
2011,Nov,Newry Mourne & Down,296
2011,Nov,Armagh City Banbridge & Craigavon,383
2011,Nov,Mid Ulster,291
2011,Nov,Fermanagh & Omagh,259
2011,Nov,Derry City & Strabane,432
2011,Nov,Causeway Coast & Glens,370
2011,Nov,Mid & East Antrim,334
2011,Nov,Antrim & Newtownabbey,325
2011,Nov,No Policing District Assigned,1
2011,Dec,Northern Ireland,4164
2011,Dec,Belfast City,1142
2011,Dec,Lisburn & Castlereagh City,270
2011,Dec,Ards & North Down,333
2011,Dec,Newry Mourne & Down,281
2011,Dec,Armagh City Banbridge & Craigavon,344
2011,Dec,Mid Ulster,254
2011,Dec,Fermanagh & Omagh,200
2011,Dec,Derry City & Strabane,403
2011,Dec,Causeway Coast & Glens,325
2011,Dec,Mid & East Antrim,333
2011,Dec,Antrim & Newtownabbey,279
2011,Dec,No Policing District Assigned,0
2012,Jan,Northern Ireland,4107
2012,Jan,Belfast City,1161
2012,Jan,Lisburn & Castlereagh City,217
2012,Jan,Ards & North Down,353
2012,Jan,Newry Mourne & Down,302
2012,Jan,Armagh City Banbridge & Craigavon,369
2012,Jan,Mid Ulster,211
2012,Jan,Fermanagh & Omagh,208
2012,Jan,Derry City & Strabane,405
2012,Jan,Causeway Coast & Glens,324
2012,Jan,Mid & East Antrim,281
2012,Jan,Antrim & Newtownabbey,276
2012,Jan,No Policing District Assigned,0
2012,Feb,Northern Ireland,4627
2012,Feb,Belfast City,1323
2012,Feb,Lisburn & Castlereagh City,224
2012,Feb,Ards & North Down,362
2012,Feb,Newry Mourne & Down,344
2012,Feb,Armagh City Banbridge & Craigavon,418
2012,Feb,Mid Ulster,269
2012,Feb,Fermanagh & Omagh,241
2012,Feb,Derry City & Strabane,447
2012,Feb,Causeway Coast & Glens,412
2012,Feb,Mid & East Antrim,330
2012,Feb,Antrim & Newtownabbey,257
2012,Feb,No Policing District Assigned,0
2012,Mar,Northern Ireland,5947
2012,Mar,Belfast City,1797
2012,Mar,Lisburn & Castlereagh City,283
2012,Mar,Ards & North Down,479
2012,Mar,Newry Mourne & Down,406
2012,Mar,Armagh City Banbridge & Craigavon,449
2012,Mar,Mid Ulster,268
2012,Mar,Fermanagh & Omagh,278
2012,Mar,Derry City & Strabane,671
2012,Mar,Causeway Coast & Glens,537
2012,Mar,Mid & East Antrim,396
2012,Mar,Antrim & Newtownabbey,382
2012,Mar,No Policing District Assigned,1
2012,Apr,Northern Ireland,5186
2012,Apr,Belfast City,1463
2012,Apr,Lisburn & Castlereagh City,253
2012,Apr,Ards & North Down,440
2012,Apr,Newry Mourne & Down,374
2012,Apr,Armagh City Banbridge & Craigavon,442
2012,Apr,Mid Ulster,292
2012,Apr,Fermanagh & Omagh,252
2012,Apr,Derry City & Strabane,510
2012,Apr,Causeway Coast & Glens,482
2012,Apr,Mid & East Antrim,336
2012,Apr,Antrim & Newtownabbey,342
2012,Apr,No Policing District Assigned,0
2012,May,Northern Ireland,5825
2012,May,Belfast City,1729
2012,May,Lisburn & Castlereagh City,261
2012,May,Ards & North Down,429
2012,May,Newry Mourne & Down,421
2012,May,Armagh City Banbridge & Craigavon,561
2012,May,Mid Ulster,293
2012,May,Fermanagh & Omagh,293
2012,May,Derry City & Strabane,648
2012,May,Causeway Coast & Glens,496
2012,May,Mid & East Antrim,336
2012,May,Antrim & Newtownabbey,358
2012,May,No Policing District Assigned,0
2012,Jun,Northern Ireland,5500
2012,Jun,Belfast City,1627
2012,Jun,Lisburn & Castlereagh City,242
2012,Jun,Ards & North Down,418
2012,Jun,Newry Mourne & Down,368
2012,Jun,Armagh City Banbridge & Craigavon,553
2012,Jun,Mid Ulster,322
2012,Jun,Fermanagh & Omagh,280
2012,Jun,Derry City & Strabane,576
2012,Jun,Causeway Coast & Glens,457
2012,Jun,Mid & East Antrim,335
2012,Jun,Antrim & Newtownabbey,322
2012,Jun,No Policing District Assigned,0
2012,Jul,Northern Ireland,6375
2012,Jul,Belfast City,1806
2012,Jul,Lisburn & Castlereagh City,306
2012,Jul,Ards & North Down,502
2012,Jul,Newry Mourne & Down,452
2012,Jul,Armagh City Banbridge & Craigavon,553
2012,Jul,Mid Ulster,327
2012,Jul,Fermanagh & Omagh,296
2012,Jul,Derry City & Strabane,658
2012,Jul,Causeway Coast & Glens,615
2012,Jul,Mid & East Antrim,390
2012,Jul,Antrim & Newtownabbey,470
2012,Jul,No Policing District Assigned,0
2012,Aug,Northern Ireland,6844
2012,Aug,Belfast City,1971
2012,Aug,Lisburn & Castlereagh City,332
2012,Aug,Ards & North Down,532
2012,Aug,Newry Mourne & Down,441
2012,Aug,Armagh City Banbridge & Craigavon,544
2012,Aug,Mid Ulster,376
2012,Aug,Fermanagh & Omagh,328
2012,Aug,Derry City & Strabane,724
2012,Aug,Causeway Coast & Glens,626
2012,Aug,Mid & East Antrim,443
2012,Aug,Antrim & Newtownabbey,527
2012,Aug,No Policing District Assigned,0
2012,Sep,Northern Ireland,5985
2012,Sep,Belfast City,1784
2012,Sep,Lisburn & Castlereagh City,315
2012,Sep,Ards & North Down,471
2012,Sep,Newry Mourne & Down,361
2012,Sep,Armagh City Banbridge & Craigavon,455
2012,Sep,Mid Ulster,357
2012,Sep,Fermanagh & Omagh,295
2012,Sep,Derry City & Strabane,593
2012,Sep,Causeway Coast & Glens,490
2012,Sep,Mid & East Antrim,450
2012,Sep,Antrim & Newtownabbey,414
2012,Sep,No Policing District Assigned,0
2012,Oct,Northern Ireland,6379
2012,Oct,Belfast City,1736
2012,Oct,Lisburn & Castlereagh City,297
2012,Oct,Ards & North Down,471
2012,Oct,Newry Mourne & Down,470
2012,Oct,Armagh City Banbridge & Craigavon,515
2012,Oct,Mid Ulster,484
2012,Oct,Fermanagh & Omagh,385
2012,Oct,Derry City & Strabane,582
2012,Oct,Causeway Coast & Glens,527
2012,Oct,Mid & East Antrim,400
2012,Oct,Antrim & Newtownabbey,512
2012,Oct,No Policing District Assigned,0
2012,Nov,Northern Ireland,4496
2012,Nov,Belfast City,1320
2012,Nov,Lisburn & Castlereagh City,227
2012,Nov,Ards & North Down,349
2012,Nov,Newry Mourne & Down,249
2012,Nov,Armagh City Banbridge & Craigavon,377
2012,Nov,Mid Ulster,276
2012,Nov,Fermanagh & Omagh,237
2012,Nov,Derry City & Strabane,485
2012,Nov,Causeway Coast & Glens,345
2012,Nov,Mid & East Antrim,270
2012,Nov,Antrim & Newtownabbey,361
2012,Nov,No Policing District Assigned,0
2012,Dec,Northern Ireland,4363
2012,Dec,Belfast City,1401
2012,Dec,Lisburn & Castlereagh City,192
2012,Dec,Ards & North Down,300
2012,Dec,Newry Mourne & Down,270
2012,Dec,Armagh City Banbridge & Craigavon,383
2012,Dec,Mid Ulster,243
2012,Dec,Fermanagh & Omagh,267
2012,Dec,Derry City & Strabane,425
2012,Dec,Causeway Coast & Glens,358
2012,Dec,Mid & East Antrim,244
2012,Dec,Antrim & Newtownabbey,280
2012,Dec,No Policing District Assigned,0
2013,Jan,Northern Ireland,4772
2013,Jan,Belfast City,1397
2013,Jan,Lisburn & Castlereagh City,260
2013,Jan,Ards & North Down,388
2013,Jan,Newry Mourne & Down,333
2013,Jan,Armagh City Banbridge & Craigavon,358
2013,Jan,Mid Ulster,274
2013,Jan,Fermanagh & Omagh,231
2013,Jan,Derry City & Strabane,494
2013,Jan,Causeway Coast & Glens,363
2013,Jan,Mid & East Antrim,288
2013,Jan,Antrim & Newtownabbey,386
2013,Jan,No Policing District Assigned,0
2013,Feb,Northern Ireland,4682
2013,Feb,Belfast City,1447
2013,Feb,Lisburn & Castlereagh City,200
2013,Feb,Ards & North Down,376
2013,Feb,Newry Mourne & Down,305
2013,Feb,Armagh City Banbridge & Craigavon,410
2013,Feb,Mid Ulster,233
2013,Feb,Fermanagh & Omagh,269
2013,Feb,Derry City & Strabane,453
2013,Feb,Causeway Coast & Glens,358
2013,Feb,Mid & East Antrim,283
2013,Feb,Antrim & Newtownabbey,348
2013,Feb,No Policing District Assigned,0
2013,Mar,Northern Ireland,4950
2013,Mar,Belfast City,1574
2013,Mar,Lisburn & Castlereagh City,241
2013,Mar,Ards & North Down,349
2013,Mar,Newry Mourne & Down,355
2013,Mar,Armagh City Banbridge & Craigavon,455
2013,Mar,Mid Ulster,275
2013,Mar,Fermanagh & Omagh,225
2013,Mar,Derry City & Strabane,448
2013,Mar,Causeway Coast & Glens,352
2013,Mar,Mid & East Antrim,295
2013,Mar,Antrim & Newtownabbey,381
2013,Mar,No Policing District Assigned,0
2013,Apr,Northern Ireland,5162
2013,Apr,Belfast City,1594
2013,Apr,Lisburn & Castlereagh City,233
2013,Apr,Ards & North Down,413
2013,Apr,Newry Mourne & Down,357
2013,Apr,Armagh City Banbridge & Craigavon,453
2013,Apr,Mid Ulster,277
2013,Apr,Fermanagh & Omagh,264
2013,Apr,Derry City & Strabane,478
2013,Apr,Causeway Coast & Glens,386
2013,Apr,Mid & East Antrim,304
2013,Apr,Antrim & Newtownabbey,403
2013,Apr,No Policing District Assigned,0
2013,May,Northern Ireland,5231
2013,May,Belfast City,1652
2013,May,Lisburn & Castlereagh City,233
2013,May,Ards & North Down,406
2013,May,Newry Mourne & Down,377
2013,May,Armagh City Banbridge & Craigavon,452
2013,May,Mid Ulster,270
2013,May,Fermanagh & Omagh,290
2013,May,Derry City & Strabane,487
2013,May,Causeway Coast & Glens,377
2013,May,Mid & East Antrim,317
2013,May,Antrim & Newtownabbey,370
2013,May,No Policing District Assigned,0
2013,Jun,Northern Ireland,6142
2013,Jun,Belfast City,2023
2013,Jun,Lisburn & Castlereagh City,311
2013,Jun,Ards & North Down,549
2013,Jun,Newry Mourne & Down,412
2013,Jun,Armagh City Banbridge & Craigavon,560
2013,Jun,Mid Ulster,299
2013,Jun,Fermanagh & Omagh,284
2013,Jun,Derry City & Strabane,530
2013,Jun,Causeway Coast & Glens,383
2013,Jun,Mid & East Antrim,359
2013,Jun,Antrim & Newtownabbey,432
2013,Jun,No Policing District Assigned,0
2013,Jul,Northern Ireland,6932
2013,Jul,Belfast City,2051
2013,Jul,Lisburn & Castlereagh City,346
2013,Jul,Ards & North Down,596
2013,Jul,Newry Mourne & Down,555
2013,Jul,Armagh City Banbridge & Craigavon,616
2013,Jul,Mid Ulster,361
2013,Jul,Fermanagh & Omagh,369
2013,Jul,Derry City & Strabane,616
2013,Jul,Causeway Coast & Glens,492
2013,Jul,Mid & East Antrim,432
2013,Jul,Antrim & Newtownabbey,498
2013,Jul,No Policing District Assigned,0
2013,Aug,Northern Ireland,6227
2013,Aug,Belfast City,1905
2013,Aug,Lisburn & Castlereagh City,359
2013,Aug,Ards & North Down,529
2013,Aug,Newry Mourne & Down,434
2013,Aug,Armagh City Banbridge & Craigavon,566
2013,Aug,Mid Ulster,365
2013,Aug,Fermanagh & Omagh,316
2013,Aug,Derry City & Strabane,503
2013,Aug,Causeway Coast & Glens,478
2013,Aug,Mid & East Antrim,372
2013,Aug,Antrim & Newtownabbey,400
2013,Aug,No Policing District Assigned,0
2013,Sep,Northern Ireland,5228
2013,Sep,Belfast City,1583
2013,Sep,Lisburn & Castlereagh City,288
2013,Sep,Ards & North Down,453
2013,Sep,Newry Mourne & Down,374
2013,Sep,Armagh City Banbridge & Craigavon,408
2013,Sep,Mid Ulster,314
2013,Sep,Fermanagh & Omagh,238
2013,Sep,Derry City & Strabane,533
2013,Sep,Causeway Coast & Glens,336
2013,Sep,Mid & East Antrim,358
2013,Sep,Antrim & Newtownabbey,343
2013,Sep,No Policing District Assigned,0
2013,Oct,Northern Ireland,5387
2013,Oct,Belfast City,1664
2013,Oct,Lisburn & Castlereagh City,297
2013,Oct,Ards & North Down,481
2013,Oct,Newry Mourne & Down,402
2013,Oct,Armagh City Banbridge & Craigavon,505
2013,Oct,Mid Ulster,344
2013,Oct,Fermanagh & Omagh,277
2013,Oct,Derry City & Strabane,450
2013,Oct,Causeway Coast & Glens,344
2013,Oct,Mid & East Antrim,263
2013,Oct,Antrim & Newtownabbey,360
2013,Oct,No Policing District Assigned,0
2013,Nov,Northern Ireland,4013
2013,Nov,Belfast City,1260
2013,Nov,Lisburn & Castlereagh City,244
2013,Nov,Ards & North Down,378
2013,Nov,Newry Mourne & Down,251
2013,Nov,Armagh City Banbridge & Craigavon,348
2013,Nov,Mid Ulster,223
2013,Nov,Fermanagh & Omagh,218
2013,Nov,Derry City & Strabane,313
2013,Nov,Causeway Coast & Glens,267
2013,Nov,Mid & East Antrim,226
2013,Nov,Antrim & Newtownabbey,285
2013,Nov,No Policing District Assigned,0
2013,Dec,Northern Ireland,3962
2013,Dec,Belfast City,1341
2013,Dec,Lisburn & Castlereagh City,214
2013,Dec,Ards & North Down,301
2013,Dec,Newry Mourne & Down,290
2013,Dec,Armagh City Banbridge & Craigavon,344
2013,Dec,Mid Ulster,233
2013,Dec,Fermanagh & Omagh,191
2013,Dec,Derry City & Strabane,370
2013,Dec,Causeway Coast & Glens,249
2013,Dec,Mid & East Antrim,214
2013,Dec,Antrim & Newtownabbey,215
2013,Dec,No Policing District Assigned,0
2014,Jan,Northern Ireland,3865
2014,Jan,Belfast City,1235
2014,Jan,Lisburn & Castlereagh City,209
2014,Jan,Ards & North Down,315
2014,Jan,Newry Mourne & Down,298
2014,Jan,Armagh City Banbridge & Craigavon,347
2014,Jan,Mid Ulster,215
2014,Jan,Fermanagh & Omagh,179
2014,Jan,Derry City & Strabane,344
2014,Jan,Causeway Coast & Glens,247
2014,Jan,Mid & East Antrim,215
2014,Jan,Antrim & Newtownabbey,261
2014,Jan,No Policing District Assigned,0
2014,Feb,Northern Ireland,3811
2014,Feb,Belfast City,1245
2014,Feb,Lisburn & Castlereagh City,182
2014,Feb,Ards & North Down,323
2014,Feb,Newry Mourne & Down,258
2014,Feb,Armagh City Banbridge & Craigavon,343
2014,Feb,Mid Ulster,212
2014,Feb,Fermanagh & Omagh,167
2014,Feb,Derry City & Strabane,358
2014,Feb,Causeway Coast & Glens,258
2014,Feb,Mid & East Antrim,223
2014,Feb,Antrim & Newtownabbey,242
2014,Feb,No Policing District Assigned,0
2014,Mar,Northern Ireland,4746
2014,Mar,Belfast City,1543
2014,Mar,Lisburn & Castlereagh City,226
2014,Mar,Ards & North Down,371
2014,Mar,Newry Mourne & Down,317
2014,Mar,Armagh City Banbridge & Craigavon,451
2014,Mar,Mid Ulster,239
2014,Mar,Fermanagh & Omagh,225
2014,Mar,Derry City & Strabane,394
2014,Mar,Causeway Coast & Glens,332
2014,Mar,Mid & East Antrim,300
2014,Mar,Antrim & Newtownabbey,348
2014,Mar,No Policing District Assigned,0
2014,Apr,Northern Ireland,5607
2014,Apr,Belfast City,1650
2014,Apr,Lisburn & Castlereagh City,332
2014,Apr,Ards & North Down,516
2014,Apr,Newry Mourne & Down,348
2014,Apr,Armagh City Banbridge & Craigavon,577
2014,Apr,Mid Ulster,274
2014,Apr,Fermanagh & Omagh,252
2014,Apr,Derry City & Strabane,512
2014,Apr,Causeway Coast & Glens,346
2014,Apr,Mid & East Antrim,382
2014,Apr,Antrim & Newtownabbey,418
2014,Apr,No Policing District Assigned,0
2014,May,Northern Ireland,5549
2014,May,Belfast City,1593
2014,May,Lisburn & Castlereagh City,349
2014,May,Ards & North Down,488
2014,May,Newry Mourne & Down,370
2014,May,Armagh City Banbridge & Craigavon,574
2014,May,Mid Ulster,267
2014,May,Fermanagh & Omagh,259
2014,May,Derry City & Strabane,486
2014,May,Causeway Coast & Glens,417
2014,May,Mid & East Antrim,363
2014,May,Antrim & Newtownabbey,383
2014,May,No Policing District Assigned,0
2014,Jun,Northern Ireland,6093
2014,Jun,Belfast City,1813
2014,Jun,Lisburn & Castlereagh City,349
2014,Jun,Ards & North Down,553
2014,Jun,Newry Mourne & Down,449
2014,Jun,Armagh City Banbridge & Craigavon,624
2014,Jun,Mid Ulster,351
2014,Jun,Fermanagh & Omagh,261
2014,Jun,Derry City & Strabane,484
2014,Jun,Causeway Coast & Glens,421
2014,Jun,Mid & East Antrim,337
2014,Jun,Antrim & Newtownabbey,451
2014,Jun,No Policing District Assigned,0
2014,Jul,Northern Ireland,6641
2014,Jul,Belfast City,1883
2014,Jul,Lisburn & Castlereagh City,343
2014,Jul,Ards & North Down,671
2014,Jul,Newry Mourne & Down,522
2014,Jul,Armagh City Banbridge & Craigavon,688
2014,Jul,Mid Ulster,356
2014,Jul,Fermanagh & Omagh,300
2014,Jul,Derry City & Strabane,529
2014,Jul,Causeway Coast & Glens,469
2014,Jul,Mid & East Antrim,413
2014,Jul,Antrim & Newtownabbey,467
2014,Jul,No Policing District Assigned,0
2014,Aug,Northern Ireland,5687
2014,Aug,Belfast City,1641
2014,Aug,Lisburn & Castlereagh City,311
2014,Aug,Ards & North Down,505
2014,Aug,Newry Mourne & Down,474
2014,Aug,Armagh City Banbridge & Craigavon,487
2014,Aug,Mid Ulster,309
2014,Aug,Fermanagh & Omagh,277
2014,Aug,Derry City & Strabane,499
2014,Aug,Causeway Coast & Glens,384
2014,Aug,Mid & East Antrim,351
2014,Aug,Antrim & Newtownabbey,449
2014,Aug,No Policing District Assigned,0
2014,Sep,Northern Ireland,5638
2014,Sep,Belfast City,1819
2014,Sep,Lisburn & Castlereagh City,309
2014,Sep,Ards & North Down,498
2014,Sep,Newry Mourne & Down,418
2014,Sep,Armagh City Banbridge & Craigavon,470
2014,Sep,Mid Ulster,272
2014,Sep,Fermanagh & Omagh,267
2014,Sep,Derry City & Strabane,472
2014,Sep,Causeway Coast & Glens,331
2014,Sep,Mid & East Antrim,328
2014,Sep,Antrim & Newtownabbey,454
2014,Sep,No Policing District Assigned,0
2014,Oct,Northern Ireland,5274
2014,Oct,Belfast City,1506
2014,Oct,Lisburn & Castlereagh City,291
2014,Oct,Ards & North Down,439
2014,Oct,Newry Mourne & Down,459
2014,Oct,Armagh City Banbridge & Craigavon,474
2014,Oct,Mid Ulster,348
2014,Oct,Fermanagh & Omagh,305
2014,Oct,Derry City & Strabane,439
2014,Oct,Causeway Coast & Glens,312
2014,Oct,Mid & East Antrim,322
2014,Oct,Antrim & Newtownabbey,379
2014,Oct,No Policing District Assigned,0
2014,Nov,Northern Ireland,4046
2014,Nov,Belfast City,1193
2014,Nov,Lisburn & Castlereagh City,231
2014,Nov,Ards & North Down,330
2014,Nov,Newry Mourne & Down,289
2014,Nov,Armagh City Banbridge & Craigavon,409
2014,Nov,Mid Ulster,225
2014,Nov,Fermanagh & Omagh,224
2014,Nov,Derry City & Strabane,321
2014,Nov,Causeway Coast & Glens,276
2014,Nov,Mid & East Antrim,260
2014,Nov,Antrim & Newtownabbey,288
2014,Nov,No Policing District Assigned,0
2014,Dec,Northern Ireland,3934
2014,Dec,Belfast City,1234
2014,Dec,Lisburn & Castlereagh City,225
2014,Dec,Ards & North Down,355
2014,Dec,Newry Mourne & Down,304
2014,Dec,Armagh City Banbridge & Craigavon,356
2014,Dec,Mid Ulster,227
2014,Dec,Fermanagh & Omagh,200
2014,Dec,Derry City & Strabane,312
2014,Dec,Causeway Coast & Glens,208
2014,Dec,Mid & East Antrim,240
2014,Dec,Antrim & Newtownabbey,273
2014,Dec,No Policing District Assigned,0
2015,Jan,Northern Ireland,4046
2015,Jan,Belfast City,1188
2015,Jan,Lisburn & Castlereagh City,245
2015,Jan,Ards & North Down,369
2015,Jan,Newry Mourne & Down,312
2015,Jan,Armagh City Banbridge & Craigavon,359
2015,Jan,Mid Ulster,229
2015,Jan,Fermanagh & Omagh,164
2015,Jan,Derry City & Strabane,320
2015,Jan,Causeway Coast & Glens,286
2015,Jan,Mid & East Antrim,250
2015,Jan,Antrim & Newtownabbey,324
2015,Jan,No Policing District Assigned,0
2015,Feb,Northern Ireland,3902
2015,Feb,Belfast City,1230
2015,Feb,Lisburn & Castlereagh City,199
2015,Feb,Ards & North Down,324
2015,Feb,Newry Mourne & Down,291
2015,Feb,Armagh City Banbridge & Craigavon,384
2015,Feb,Mid Ulster,193
2015,Feb,Fermanagh & Omagh,151
2015,Feb,Derry City & Strabane,325
2015,Feb,Causeway Coast & Glens,263
2015,Feb,Mid & East Antrim,275
2015,Feb,Antrim & Newtownabbey,267
2015,Feb,No Policing District Assigned,0
2015,Mar,Northern Ireland,4565
2015,Mar,Belfast City,1517
2015,Mar,Lisburn & Castlereagh City,246
2015,Mar,Ards & North Down,414
2015,Mar,Newry Mourne & Down,324
2015,Mar,Armagh City Banbridge & Craigavon,387
2015,Mar,Mid Ulster,252
2015,Mar,Fermanagh & Omagh,181
2015,Mar,Derry City & Strabane,378
2015,Mar,Causeway Coast & Glens,281
2015,Mar,Mid & East Antrim,262
2015,Mar,Antrim & Newtownabbey,323
2015,Mar,No Policing District Assigned,0
2015,Apr,Northern Ireland,5158
2015,Apr,Belfast City,1613
2015,Apr,Lisburn & Castlereagh City,301
2015,Apr,Ards & North Down,505
2015,Apr,Newry Mourne & Down,352
2015,Apr,Armagh City Banbridge & Craigavon,476
2015,Apr,Mid Ulster,252
2015,Apr,Fermanagh & Omagh,236
2015,Apr,Derry City & Strabane,396
2015,Apr,Causeway Coast & Glens,318
2015,Apr,Mid & East Antrim,341
2015,Apr,Antrim & Newtownabbey,368
2015,Apr,No Policing District Assigned,0
2015,May,Northern Ireland,5017
2015,May,Belfast City,1522
2015,May,Lisburn & Castlereagh City,286
2015,May,Ards & North Down,501
2015,May,Newry Mourne & Down,382
2015,May,Armagh City Banbridge & Craigavon,422
2015,May,Mid Ulster,277
2015,May,Fermanagh & Omagh,228
2015,May,Derry City & Strabane,415
2015,May,Causeway Coast & Glens,313
2015,May,Mid & East Antrim,323
2015,May,Antrim & Newtownabbey,348
2015,May,No Policing District Assigned,0
2015,Jun,Northern Ireland,5397
2015,Jun,Belfast City,1621
2015,Jun,Lisburn & Castlereagh City,306
2015,Jun,Ards & North Down,527
2015,Jun,Newry Mourne & Down,374
2015,Jun,Armagh City Banbridge & Craigavon,496
2015,Jun,Mid Ulster,254
2015,Jun,Fermanagh & Omagh,218
2015,Jun,Derry City & Strabane,386
2015,Jun,Causeway Coast & Glens,341
2015,Jun,Mid & East Antrim,378
2015,Jun,Antrim & Newtownabbey,496
2015,Jun,No Policing District Assigned,0
2015,Jul,Northern Ireland,5416
2015,Jul,Belfast City,1635
2015,Jul,Lisburn & Castlereagh City,298
2015,Jul,Ards & North Down,513
2015,Jul,Newry Mourne & Down,444
2015,Jul,Armagh City Banbridge & Craigavon,530
2015,Jul,Mid Ulster,271
2015,Jul,Fermanagh & Omagh,227
2015,Jul,Derry City & Strabane,425
2015,Jul,Causeway Coast & Glens,363
2015,Jul,Mid & East Antrim,316
2015,Jul,Antrim & Newtownabbey,394
2015,Jul,No Policing District Assigned,0
2015,Aug,Northern Ireland,5652
2015,Aug,Belfast City,1733
2015,Aug,Lisburn & Castlereagh City,321
2015,Aug,Ards & North Down,523
2015,Aug,Newry Mourne & Down,447
2015,Aug,Armagh City Banbridge & Craigavon,497
2015,Aug,Mid Ulster,257
2015,Aug,Fermanagh & Omagh,225
2015,Aug,Derry City & Strabane,458
2015,Aug,Causeway Coast & Glens,394
2015,Aug,Mid & East Antrim,350
2015,Aug,Antrim & Newtownabbey,447
2015,Aug,No Policing District Assigned,0
2015,Sep,Northern Ireland,5124
2015,Sep,Belfast City,1551
2015,Sep,Lisburn & Castlereagh City,307
2015,Sep,Ards & North Down,441
2015,Sep,Newry Mourne & Down,378
2015,Sep,Armagh City Banbridge & Craigavon,487
2015,Sep,Mid Ulster,236
2015,Sep,Fermanagh & Omagh,235
2015,Sep,Derry City & Strabane,416
2015,Sep,Causeway Coast & Glens,314
2015,Sep,Mid & East Antrim,334
2015,Sep,Antrim & Newtownabbey,425
2015,Sep,No Policing District Assigned,0
2015,Oct,Northern Ireland,6064
2015,Oct,Belfast City,1674
2015,Oct,Lisburn & Castlereagh City,380
2015,Oct,Ards & North Down,542
2015,Oct,Newry Mourne & Down,494
2015,Oct,Armagh City Banbridge & Craigavon,593
2015,Oct,Mid Ulster,381
2015,Oct,Fermanagh & Omagh,233
2015,Oct,Derry City & Strabane,492
2015,Oct,Causeway Coast & Glens,408
2015,Oct,Mid & East Antrim,373
2015,Oct,Antrim & Newtownabbey,494
2015,Oct,No Policing District Assigned,0
2015,Nov,Northern Ireland,3991
2015,Nov,Belfast City,1211
2015,Nov,Lisburn & Castlereagh City,242
2015,Nov,Ards & North Down,316
2015,Nov,Newry Mourne & Down,313
2015,Nov,Armagh City Banbridge & Craigavon,419
2015,Nov,Mid Ulster,183
2015,Nov,Fermanagh & Omagh,214
2015,Nov,Derry City & Strabane,309
2015,Nov,Causeway Coast & Glens,252
2015,Nov,Mid & East Antrim,281
2015,Nov,Antrim & Newtownabbey,251
2015,Nov,No Policing District Assigned,0
2015,Dec,Northern Ireland,4312
2015,Dec,Belfast City,1392
2015,Dec,Lisburn & Castlereagh City,270
2015,Dec,Ards & North Down,378
2015,Dec,Newry Mourne & Down,288
2015,Dec,Armagh City Banbridge & Craigavon,368
2015,Dec,Mid Ulster,197
2015,Dec,Fermanagh & Omagh,207
2015,Dec,Derry City & Strabane,330
2015,Dec,Causeway Coast & Glens,272
2015,Dec,Mid & East Antrim,303
2015,Dec,Antrim & Newtownabbey,307
2015,Dec,No Policing District Assigned,0
2016,Jan,Northern Ireland,4046
2016,Jan,Belfast City,1233
2016,Jan,Lisburn & Castlereagh City,268
2016,Jan,Ards & North Down,300
2016,Jan,Newry Mourne & Down,307
2016,Jan,Armagh City Banbridge & Craigavon,404
2016,Jan,Mid Ulster,202
2016,Jan,Fermanagh & Omagh,168
2016,Jan,Derry City & Strabane,365
2016,Jan,Causeway Coast & Glens,245
2016,Jan,Mid & East Antrim,269
2016,Jan,Antrim & Newtownabbey,285
2016,Jan,No Policing District Assigned,0
2016,Feb,Northern Ireland,4061
2016,Feb,Belfast City,1391
2016,Feb,Lisburn & Castlereagh City,241
2016,Feb,Ards & North Down,330
2016,Feb,Newry Mourne & Down,305
2016,Feb,Armagh City Banbridge & Craigavon,398
2016,Feb,Mid Ulster,164
2016,Feb,Fermanagh & Omagh,163
2016,Feb,Derry City & Strabane,334
2016,Feb,Causeway Coast & Glens,219
2016,Feb,Mid & East Antrim,271
2016,Feb,Antrim & Newtownabbey,245
2016,Feb,No Policing District Assigned,0
2016,Mar,Northern Ireland,5264
2016,Mar,Belfast City,1684
2016,Mar,Lisburn & Castlereagh City,299
2016,Mar,Ards & North Down,440
2016,Mar,Newry Mourne & Down,394
2016,Mar,Armagh City Banbridge & Craigavon,524
2016,Mar,Mid Ulster,232
2016,Mar,Fermanagh & Omagh,224
2016,Mar,Derry City & Strabane,422
2016,Mar,Causeway Coast & Glens,358
2016,Mar,Mid & East Antrim,303
2016,Mar,Antrim & Newtownabbey,384
2016,Mar,No Policing District Assigned,0
2016,Apr,Northern Ireland,4472
2016,Apr,Belfast City,1453
2016,Apr,Lisburn & Castlereagh City,246
2016,Apr,Ards & North Down,447
2016,Apr,Newry Mourne & Down,329
2016,Apr,Armagh City Banbridge & Craigavon,423
2016,Apr,Mid Ulster,196
2016,Apr,Fermanagh & Omagh,180
2016,Apr,Derry City & Strabane,343
2016,Apr,Causeway Coast & Glens,274
2016,Apr,Mid & East Antrim,271
2016,Apr,Antrim & Newtownabbey,310
2016,Apr,No Policing District Assigned,0
2016,May,Northern Ireland,5366
2016,May,Belfast City,1675
2016,May,Lisburn & Castlereagh City,340
2016,May,Ards & North Down,479
2016,May,Newry Mourne & Down,423
2016,May,Armagh City Banbridge & Craigavon,550
2016,May,Mid Ulster,222
2016,May,Fermanagh & Omagh,229
2016,May,Derry City & Strabane,410
2016,May,Causeway Coast & Glens,357
2016,May,Mid & East Antrim,327
2016,May,Antrim & Newtownabbey,354
2016,May,No Policing District Assigned,0
2016,Jun,Northern Ireland,5452
2016,Jun,Belfast City,1643
2016,Jun,Lisburn & Castlereagh City,266
2016,Jun,Ards & North Down,469
2016,Jun,Newry Mourne & Down,435
2016,Jun,Armagh City Banbridge & Craigavon,613
2016,Jun,Mid Ulster,258
2016,Jun,Fermanagh & Omagh,231
2016,Jun,Derry City & Strabane,452
2016,Jun,Causeway Coast & Glens,371
2016,Jun,Mid & East Antrim,368
2016,Jun,Antrim & Newtownabbey,346
2016,Jun,No Policing District Assigned,0
2016,Jul,Northern Ireland,5641
2016,Jul,Belfast City,1713
2016,Jul,Lisburn & Castlereagh City,276
2016,Jul,Ards & North Down,473
2016,Jul,Newry Mourne & Down,461
2016,Jul,Armagh City Banbridge & Craigavon,595
2016,Jul,Mid Ulster,243
2016,Jul,Fermanagh & Omagh,267
2016,Jul,Derry City & Strabane,459
2016,Jul,Causeway Coast & Glens,418
2016,Jul,Mid & East Antrim,376
2016,Jul,Antrim & Newtownabbey,360
2016,Jul,No Policing District Assigned,0
2016,Aug,Northern Ireland,5885
2016,Aug,Belfast City,1720
2016,Aug,Lisburn & Castlereagh City,313
2016,Aug,Ards & North Down,542
2016,Aug,Newry Mourne & Down,527
2016,Aug,Armagh City Banbridge & Craigavon,531
2016,Aug,Mid Ulster,226
2016,Aug,Fermanagh & Omagh,271
2016,Aug,Derry City & Strabane,510
2016,Aug,Causeway Coast & Glens,451
2016,Aug,Mid & East Antrim,425
2016,Aug,Antrim & Newtownabbey,369
2016,Aug,No Policing District Assigned,0
2016,Sep,Northern Ireland,5238
2016,Sep,Belfast City,1635
2016,Sep,Lisburn & Castlereagh City,238
2016,Sep,Ards & North Down,459
2016,Sep,Newry Mourne & Down,433
2016,Sep,Armagh City Banbridge & Craigavon,519
2016,Sep,Mid Ulster,272
2016,Sep,Fermanagh & Omagh,183
2016,Sep,Derry City & Strabane,403
2016,Sep,Causeway Coast & Glens,361
2016,Sep,Mid & East Antrim,369
2016,Sep,Antrim & Newtownabbey,366
2016,Sep,No Policing District Assigned,0
2016,Oct,Northern Ireland,5840
2016,Oct,Belfast City,1530
2016,Oct,Lisburn & Castlereagh City,330
2016,Oct,Ards & North Down,516
2016,Oct,Newry Mourne & Down,512
2016,Oct,Armagh City Banbridge & Craigavon,619
2016,Oct,Mid Ulster,373
2016,Oct,Fermanagh & Omagh,253
2016,Oct,Derry City & Strabane,462
2016,Oct,Causeway Coast & Glens,389
2016,Oct,Mid & East Antrim,427
2016,Oct,Antrim & Newtownabbey,429
2016,Oct,No Policing District Assigned,0
2016,Nov,Northern Ireland,3952
2016,Nov,Belfast City,1185
2016,Nov,Lisburn & Castlereagh City,233
2016,Nov,Ards & North Down,315
2016,Nov,Newry Mourne & Down,301
2016,Nov,Armagh City Banbridge & Craigavon,419
2016,Nov,Mid Ulster,183
2016,Nov,Fermanagh & Omagh,162
2016,Nov,Derry City & Strabane,327
2016,Nov,Causeway Coast & Glens,225
2016,Nov,Mid & East Antrim,316
2016,Nov,Antrim & Newtownabbey,286
2016,Nov,No Policing District Assigned,0
2016,Dec,Northern Ireland,4437
2016,Dec,Belfast City,1320
2016,Dec,Lisburn & Castlereagh City,224
2016,Dec,Ards & North Down,414
2016,Dec,Newry Mourne & Down,361
2016,Dec,Armagh City Banbridge & Craigavon,475
2016,Dec,Mid Ulster,244
2016,Dec,Fermanagh & Omagh,214
2016,Dec,Derry City & Strabane,316
2016,Dec,Causeway Coast & Glens,260
2016,Dec,Mid & East Antrim,298
2016,Dec,Antrim & Newtownabbey,311
2016,Dec,No Policing District Assigned,0
2017,Jan,Northern Ireland,4240
2017,Jan,Belfast City,1170
2017,Jan,Lisburn & Castlereagh City,274
2017,Jan,Ards & North Down,326
2017,Jan,Newry Mourne & Down,318
2017,Jan,Armagh City Banbridge & Craigavon,462
2017,Jan,Mid Ulster,211
2017,Jan,Fermanagh & Omagh,178
2017,Jan,Derry City & Strabane,380
2017,Jan,Causeway Coast & Glens,268
2017,Jan,Mid & East Antrim,345
2017,Jan,Antrim & Newtownabbey,308
2017,Jan,No Policing District Assigned,0
2017,Feb,Northern Ireland,4244
2017,Feb,Belfast City,1286
2017,Feb,Lisburn & Castlereagh City,281
2017,Feb,Ards & North Down,322
2017,Feb,Newry Mourne & Down,310
2017,Feb,Armagh City Banbridge & Craigavon,454
2017,Feb,Mid Ulster,211
2017,Feb,Fermanagh & Omagh,147
2017,Feb,Derry City & Strabane,341
2017,Feb,Causeway Coast & Glens,293
2017,Feb,Mid & East Antrim,312
2017,Feb,Antrim & Newtownabbey,287
2017,Feb,No Policing District Assigned,0
2017,Mar,Northern Ireland,4936
2017,Mar,Belfast City,1528
2017,Mar,Lisburn & Castlereagh City,286
2017,Mar,Ards & North Down,383
2017,Mar,Newry Mourne & Down,413
2017,Mar,Armagh City Banbridge & Craigavon,448
2017,Mar,Mid Ulster,238
2017,Mar,Fermanagh & Omagh,225
2017,Mar,Derry City & Strabane,363
2017,Mar,Causeway Coast & Glens,374
2017,Mar,Mid & East Antrim,345
2017,Mar,Antrim & Newtownabbey,333
2017,Mar,No Policing District Assigned,0
2017,Apr,Northern Ireland,5433
2017,Apr,Belfast City,1528
2017,Apr,Lisburn & Castlereagh City,286
2017,Apr,Ards & North Down,609
2017,Apr,Newry Mourne & Down,414
2017,Apr,Armagh City Banbridge & Craigavon,573
2017,Apr,Mid Ulster,282
2017,Apr,Fermanagh & Omagh,214
2017,Apr,Derry City & Strabane,466
2017,Apr,Causeway Coast & Glens,380
2017,Apr,Mid & East Antrim,334
2017,Apr,Antrim & Newtownabbey,347
2017,Apr,No Policing District Assigned,0
2017,May,Northern Ireland,5941
2017,May,Belfast City,1791
2017,May,Lisburn & Castlereagh City,320
2017,May,Ards & North Down,546
2017,May,Newry Mourne & Down,512
2017,May,Armagh City Banbridge & Craigavon,551
2017,May,Mid Ulster,290
2017,May,Fermanagh & Omagh,254
2017,May,Derry City & Strabane,469
2017,May,Causeway Coast & Glens,413
2017,May,Mid & East Antrim,356
2017,May,Antrim & Newtownabbey,439
2017,May,No Policing District Assigned,0
2017,Jun,Northern Ireland,5577
2017,Jun,Belfast City,1710
2017,Jun,Lisburn & Castlereagh City,278
2017,Jun,Ards & North Down,434
2017,Jun,Newry Mourne & Down,500
2017,Jun,Armagh City Banbridge & Craigavon,588
2017,Jun,Mid Ulster,283
2017,Jun,Fermanagh & Omagh,239
2017,Jun,Derry City & Strabane,439
2017,Jun,Causeway Coast & Glens,378
2017,Jun,Mid & East Antrim,356
2017,Jun,Antrim & Newtownabbey,372
2017,Jun,No Policing District Assigned,0
2017,Jul,Northern Ireland,6012
2017,Jul,Belfast City,1794
2017,Jul,Lisburn & Castlereagh City,297
2017,Jul,Ards & North Down,470
2017,Jul,Newry Mourne & Down,551
2017,Jul,Armagh City Banbridge & Craigavon,657
2017,Jul,Mid Ulster,276
2017,Jul,Fermanagh & Omagh,255
2017,Jul,Derry City & Strabane,473
2017,Jul,Causeway Coast & Glens,477
2017,Jul,Mid & East Antrim,356
2017,Jul,Antrim & Newtownabbey,406
2017,Jul,No Policing District Assigned,0
2017,Aug,Northern Ireland,5681
2017,Aug,Belfast City,1804
2017,Aug,Lisburn & Castlereagh City,310
2017,Aug,Ards & North Down,466
2017,Aug,Newry Mourne & Down,449
2017,Aug,Armagh City Banbridge & Craigavon,545
2017,Aug,Mid Ulster,273
2017,Aug,Fermanagh & Omagh,246
2017,Aug,Derry City & Strabane,447
2017,Aug,Causeway Coast & Glens,353
2017,Aug,Mid & East Antrim,385
2017,Aug,Antrim & Newtownabbey,403
2017,Aug,No Policing District Assigned,0
2017,Sep,Northern Ireland,5329
2017,Sep,Belfast City,1759
2017,Sep,Lisburn & Castlereagh City,262
2017,Sep,Ards & North Down,361
2017,Sep,Newry Mourne & Down,399
2017,Sep,Armagh City Banbridge & Craigavon,589
2017,Sep,Mid Ulster,292
2017,Sep,Fermanagh & Omagh,206
2017,Sep,Derry City & Strabane,452
2017,Sep,Causeway Coast & Glens,356
2017,Sep,Mid & East Antrim,328
2017,Sep,Antrim & Newtownabbey,325
2017,Sep,No Policing District Assigned,0
2017,Oct,Northern Ireland,5832
2017,Oct,Belfast City,1689
2017,Oct,Lisburn & Castlereagh City,291
2017,Oct,Ards & North Down,411
2017,Oct,Newry Mourne & Down,520
2017,Oct,Armagh City Banbridge & Craigavon,646
2017,Oct,Mid Ulster,436
2017,Oct,Fermanagh & Omagh,260
2017,Oct,Derry City & Strabane,402
2017,Oct,Causeway Coast & Glens,376
2017,Oct,Mid & East Antrim,418
2017,Oct,Antrim & Newtownabbey,383
2017,Oct,No Policing District Assigned,0
2017,Nov,Northern Ireland,4167
2017,Nov,Belfast City,1287
2017,Nov,Lisburn & Castlereagh City,209
2017,Nov,Ards & North Down,303
2017,Nov,Newry Mourne & Down,338
2017,Nov,Armagh City Banbridge & Craigavon,416
2017,Nov,Mid Ulster,220
2017,Nov,Fermanagh & Omagh,211
2017,Nov,Derry City & Strabane,356
2017,Nov,Causeway Coast & Glens,254
2017,Nov,Mid & East Antrim,256
2017,Nov,Antrim & Newtownabbey,317
2017,Nov,No Policing District Assigned,0
2017,Dec,Northern Ireland,4580
2017,Dec,Belfast City,1396
2017,Dec,Lisburn & Castlereagh City,231
2017,Dec,Ards & North Down,335
2017,Dec,Newry Mourne & Down,383
2017,Dec,Armagh City Banbridge & Craigavon,486
2017,Dec,Mid Ulster,244
2017,Dec,Fermanagh & Omagh,219
2017,Dec,Derry City & Strabane,390
2017,Dec,Causeway Coast & Glens,241
2017,Dec,Mid & East Antrim,319
2017,Dec,Antrim & Newtownabbey,336
2017,Dec,No Policing District Assigned,0
2018,Jan,Northern Ireland,4127
2018,Jan,Belfast City,1312
2018,Jan,Lisburn & Castlereagh City,203
2018,Jan,Ards & North Down,331
2018,Jan,Newry Mourne & Down,334
2018,Jan,Armagh City Banbridge & Craigavon,399
2018,Jan,Mid Ulster,192
2018,Jan,Fermanagh & Omagh,200
2018,Jan,Derry City & Strabane,376
2018,Jan,Causeway Coast & Glens,216
2018,Jan,Mid & East Antrim,277
2018,Jan,Antrim & Newtownabbey,287
2018,Jan,No Policing District Assigned,0
2018,Feb,Northern Ireland,3909
2018,Feb,Belfast City,1223
2018,Feb,Lisburn & Castlereagh City,234
2018,Feb,Ards & North Down,359
2018,Feb,Newry Mourne & Down,318
2018,Feb,Armagh City Banbridge & Craigavon,388
2018,Feb,Mid Ulster,157
2018,Feb,Fermanagh & Omagh,189
2018,Feb,Derry City & Strabane,376
2018,Feb,Causeway Coast & Glens,190
2018,Feb,Mid & East Antrim,223
2018,Feb,Antrim & Newtownabbey,252
2018,Feb,No Policing District Assigned,0
2018,Mar,Northern Ireland,4619
2018,Mar,Belfast City,1453
2018,Mar,Lisburn & Castlereagh City,250
2018,Mar,Ards & North Down,362
2018,Mar,Newry Mourne & Down,369
2018,Mar,Armagh City Banbridge & Craigavon,544
2018,Mar,Mid Ulster,218
2018,Mar,Fermanagh & Omagh,227
2018,Mar,Derry City & Strabane,388
2018,Mar,Causeway Coast & Glens,311
2018,Mar,Mid & East Antrim,249
2018,Mar,Antrim & Newtownabbey,248
2018,Mar,No Policing District Assigned,0
2018,Apr,Northern Ireland,4631
2018,Apr,Belfast City,1434
2018,Apr,Lisburn & Castlereagh City,283
2018,Apr,Ards & North Down,343
2018,Apr,Newry Mourne & Down,393
2018,Apr,Armagh City Banbridge & Craigavon,483
2018,Apr,Mid Ulster,226
2018,Apr,Fermanagh & Omagh,221
2018,Apr,Derry City & Strabane,391
2018,Apr,Causeway Coast & Glens,273
2018,Apr,Mid & East Antrim,310
2018,Apr,Antrim & Newtownabbey,274
2018,Apr,No Policing District Assigned,0
2018,May,Northern Ireland,5420
2018,May,Belfast City,1664
2018,May,Lisburn & Castlereagh City,366
2018,May,Ards & North Down,416
2018,May,Newry Mourne & Down,435
2018,May,Armagh City Banbridge & Craigavon,537
2018,May,Mid Ulster,268
2018,May,Fermanagh & Omagh,235
2018,May,Derry City & Strabane,424
2018,May,Causeway Coast & Glens,358
2018,May,Mid & East Antrim,377
2018,May,Antrim & Newtownabbey,340
2018,May,No Policing District Assigned,0
2018,Jun,Northern Ireland,5616
2018,Jun,Belfast City,1774
2018,Jun,Lisburn & Castlereagh City,315
2018,Jun,Ards & North Down,433
2018,Jun,Newry Mourne & Down,452
2018,Jun,Armagh City Banbridge & Craigavon,672
2018,Jun,Mid Ulster,274
2018,Jun,Fermanagh & Omagh,276
2018,Jun,Derry City & Strabane,441
2018,Jun,Causeway Coast & Glens,319
2018,Jun,Mid & East Antrim,329
2018,Jun,Antrim & Newtownabbey,331
2018,Jun,No Policing District Assigned,0
2018,Jul,Northern Ireland,5805
2018,Jul,Belfast City,1725
2018,Jul,Lisburn & Castlereagh City,304
2018,Jul,Ards & North Down,446
2018,Jul,Newry Mourne & Down,556
2018,Jul,Armagh City Banbridge & Craigavon,649
2018,Jul,Mid Ulster,289
2018,Jul,Fermanagh & Omagh,292
2018,Jul,Derry City & Strabane,470
2018,Jul,Causeway Coast & Glens,376
2018,Jul,Mid & East Antrim,357
2018,Jul,Antrim & Newtownabbey,341
2018,Jul,No Policing District Assigned,0
2018,Aug,Northern Ireland,4716
2018,Aug,Belfast City,1401
2018,Aug,Lisburn & Castlereagh City,246
2018,Aug,Ards & North Down,334
2018,Aug,Newry Mourne & Down,414
2018,Aug,Armagh City Banbridge & Craigavon,499
2018,Aug,Mid Ulster,248
2018,Aug,Fermanagh & Omagh,247
2018,Aug,Derry City & Strabane,401
2018,Aug,Causeway Coast & Glens,341
2018,Aug,Mid & East Antrim,329
2018,Aug,Antrim & Newtownabbey,256
2018,Aug,No Policing District Assigned,0
2018,Sep,Northern Ireland,4464
2018,Sep,Belfast City,1351
2018,Sep,Lisburn & Castlereagh City,220
2018,Sep,Ards & North Down,324
2018,Sep,Newry Mourne & Down,405
2018,Sep,Armagh City Banbridge & Craigavon,497
2018,Sep,Mid Ulster,215
2018,Sep,Fermanagh & Omagh,223
2018,Sep,Derry City & Strabane,379
2018,Sep,Causeway Coast & Glens,246
2018,Sep,Mid & East Antrim,328
2018,Sep,Antrim & Newtownabbey,276
2018,Sep,No Policing District Assigned,0
2018,Oct,Northern Ireland,5172
2018,Oct,Belfast City,1371
2018,Oct,Lisburn & Castlereagh City,253
2018,Oct,Ards & North Down,396
2018,Oct,Newry Mourne & Down,546
2018,Oct,Armagh City Banbridge & Craigavon,536
2018,Oct,Mid Ulster,323
2018,Oct,Fermanagh & Omagh,345
2018,Oct,Derry City & Strabane,400
2018,Oct,Causeway Coast & Glens,318
2018,Oct,Mid & East Antrim,371
2018,Oct,Antrim & Newtownabbey,313
2018,Oct,No Policing District Assigned,0
2018,Nov,Northern Ireland,3896
2018,Nov,Belfast City,1150
2018,Nov,Lisburn & Castlereagh City,196
2018,Nov,Ards & North Down,283
2018,Nov,Newry Mourne & Down,320
2018,Nov,Armagh City Banbridge & Craigavon,406
2018,Nov,Mid Ulster,244
2018,Nov,Fermanagh & Omagh,235
2018,Nov,Derry City & Strabane,360
2018,Nov,Causeway Coast & Glens,222
2018,Nov,Mid & East Antrim,254
2018,Nov,Antrim & Newtownabbey,226
2018,Nov,No Policing District Assigned,0
2018,Dec,Northern Ireland,4154
2018,Dec,Belfast City,1274
2018,Dec,Lisburn & Castlereagh City,221
2018,Dec,Ards & North Down,295
2018,Dec,Newry Mourne & Down,378
2018,Dec,Armagh City Banbridge & Craigavon,450
2018,Dec,Mid Ulster,220
2018,Dec,Fermanagh & Omagh,243
2018,Dec,Derry City & Strabane,341
2018,Dec,Causeway Coast & Glens,254
2018,Dec,Mid & East Antrim,270
2018,Dec,Antrim & Newtownabbey,208
2018,Dec,No Policing District Assigned,0
2019,Jan,Northern Ireland,4102
2019,Jan,Belfast City,1202
2019,Jan,Lisburn & Castlereagh City,214
2019,Jan,Ards & North Down,289
2019,Jan,Newry Mourne & Down,352
2019,Jan,Armagh City Banbridge & Craigavon,450
2019,Jan,Mid Ulster,214
2019,Jan,Fermanagh & Omagh,250
2019,Jan,Derry City & Strabane,368
2019,Jan,Causeway Coast & Glens,222
2019,Jan,Mid & East Antrim,279
2019,Jan,Antrim & Newtownabbey,262
2019,Jan,No Policing District Assigned,0
2019,Feb,Northern Ireland,4209
2019,Feb,Belfast City,1368
2019,Feb,Lisburn & Castlereagh City,266
2019,Feb,Ards & North Down,269
2019,Feb,Newry Mourne & Down,330
2019,Feb,Armagh City Banbridge & Craigavon,447
2019,Feb,Mid Ulster,245
2019,Feb,Fermanagh & Omagh,202
2019,Feb,Derry City & Strabane,300
2019,Feb,Causeway Coast & Glens,265
2019,Feb,Mid & East Antrim,268
2019,Feb,Antrim & Newtownabbey,249
2019,Feb,No Policing District Assigned,0
2019,Mar,Northern Ireland,4318
2019,Mar,Belfast City,1381
2019,Mar,Lisburn & Castlereagh City,287
2019,Mar,Ards & North Down,329
2019,Mar,Newry Mourne & Down,317
2019,Mar,Armagh City Banbridge & Craigavon,483
2019,Mar,Mid Ulster,190
2019,Mar,Fermanagh & Omagh,219
2019,Mar,Derry City & Strabane,341
2019,Mar,Causeway Coast & Glens,246
2019,Mar,Mid & East Antrim,273
2019,Mar,Antrim & Newtownabbey,252
2019,Mar,No Policing District Assigned,0
2019,Apr,Northern Ireland,4881
2019,Apr,Belfast City,1464
2019,Apr,Lisburn & Castlereagh City,301
2019,Apr,Ards & North Down,396
2019,Apr,Newry Mourne & Down,405
2019,Apr,Armagh City Banbridge & Craigavon,541
2019,Apr,Mid Ulster,214
2019,Apr,Fermanagh & Omagh,227
2019,Apr,Derry City & Strabane,438
2019,Apr,Causeway Coast & Glens,341
2019,Apr,Mid & East Antrim,286
2019,Apr,Antrim & Newtownabbey,268
2019,Apr,No Policing District Assigned,0
2019,May,Northern Ireland,4864
2019,May,Belfast City,1495
2019,May,Lisburn & Castlereagh City,282
2019,May,Ards & North Down,304
2019,May,Newry Mourne & Down,418
2019,May,Armagh City Banbridge & Craigavon,517
2019,May,Mid Ulster,229
2019,May,Fermanagh & Omagh,239
2019,May,Derry City & Strabane,413
2019,May,Causeway Coast & Glens,328
2019,May,Mid & East Antrim,312
2019,May,Antrim & Newtownabbey,327
2019,May,No Policing District Assigned,0
2019,Jun,Northern Ireland,5007
2019,Jun,Belfast City,1481
2019,Jun,Lisburn & Castlereagh City,254
2019,Jun,Ards & North Down,372
2019,Jun,Newry Mourne & Down,425
2019,Jun,Armagh City Banbridge & Craigavon,541
2019,Jun,Mid Ulster,256
2019,Jun,Fermanagh & Omagh,268
2019,Jun,Derry City & Strabane,453
2019,Jun,Causeway Coast & Glens,324
2019,Jun,Mid & East Antrim,329
2019,Jun,Antrim & Newtownabbey,304
2019,Jun,No Policing District Assigned,0
2019,Jul,Northern Ireland,5570
2019,Jul,Belfast City,1609
2019,Jul,Lisburn & Castlereagh City,306
2019,Jul,Ards & North Down,379
2019,Jul,Newry Mourne & Down,517
2019,Jul,Armagh City Banbridge & Craigavon,586
2019,Jul,Mid Ulster,272
2019,Jul,Fermanagh & Omagh,278
2019,Jul,Derry City & Strabane,486
2019,Jul,Causeway Coast & Glens,394
2019,Jul,Mid & East Antrim,403
2019,Jul,Antrim & Newtownabbey,340
2019,Jul,No Policing District Assigned,0
2019,Aug,Northern Ireland,5459
2019,Aug,Belfast City,1717
2019,Aug,Lisburn & Castlereagh City,307
2019,Aug,Ards & North Down,369
2019,Aug,Newry Mourne & Down,445
2019,Aug,Armagh City Banbridge & Craigavon,595
2019,Aug,Mid Ulster,247
2019,Aug,Fermanagh & Omagh,273
2019,Aug,Derry City & Strabane,472
2019,Aug,Causeway Coast & Glens,364
2019,Aug,Mid & East Antrim,342
2019,Aug,Antrim & Newtownabbey,328
2019,Aug,No Policing District Assigned,0
2019,Sep,Northern Ireland,4884
2019,Sep,Belfast City,1598
2019,Sep,Lisburn & Castlereagh City,270
2019,Sep,Ards & North Down,351
2019,Sep,Newry Mourne & Down,425
2019,Sep,Armagh City Banbridge & Craigavon,515
2019,Sep,Mid Ulster,201
2019,Sep,Fermanagh & Omagh,219
2019,Sep,Derry City & Strabane,376
2019,Sep,Causeway Coast & Glens,345
2019,Sep,Mid & East Antrim,307
2019,Sep,Antrim & Newtownabbey,277
2019,Sep,No Policing District Assigned,0
2019,Oct,Northern Ireland,5076
2019,Oct,Belfast City,1441
2019,Oct,Lisburn & Castlereagh City,255
2019,Oct,Ards & North Down,380
2019,Oct,Newry Mourne & Down,516
2019,Oct,Armagh City Banbridge & Craigavon,468
2019,Oct,Mid Ulster,335
2019,Oct,Fermanagh & Omagh,275
2019,Oct,Derry City & Strabane,380
2019,Oct,Causeway Coast & Glens,280
2019,Oct,Mid & East Antrim,366
2019,Oct,Antrim & Newtownabbey,380
2019,Oct,No Policing District Assigned,0
2019,Nov,Northern Ireland,3759
2019,Nov,Belfast City,1193
2019,Nov,Lisburn & Castlereagh City,214
2019,Nov,Ards & North Down,261
2019,Nov,Newry Mourne & Down,333
2019,Nov,Armagh City Banbridge & Craigavon,379
2019,Nov,Mid Ulster,194
2019,Nov,Fermanagh & Omagh,167
2019,Nov,Derry City & Strabane,328
2019,Nov,Causeway Coast & Glens,218
2019,Nov,Mid & East Antrim,246
2019,Nov,Antrim & Newtownabbey,226
2019,Nov,No Policing District Assigned,0
2019,Dec,Northern Ireland,3601
2019,Dec,Belfast City,1034
2019,Dec,Lisburn & Castlereagh City,211
2019,Dec,Ards & North Down,274
2019,Dec,Newry Mourne & Down,330
2019,Dec,Armagh City Banbridge & Craigavon,422
2019,Dec,Mid Ulster,182
2019,Dec,Fermanagh & Omagh,197
2019,Dec,Derry City & Strabane,295
2019,Dec,Causeway Coast & Glens,201
2019,Dec,Mid & East Antrim,246
2019,Dec,Antrim & Newtownabbey,209
2019,Dec,No Policing District Assigned,0
2020,Jan,Northern Ireland,3888
2020,Jan,Belfast City,1168
2020,Jan,Lisburn & Castlereagh City,225
2020,Jan,Ards & North Down,293
2020,Jan,Newry Mourne & Down,336
2020,Jan,Armagh City Banbridge & Craigavon,415
2020,Jan,Mid Ulster,179
2020,Jan,Fermanagh & Omagh,196
2020,Jan,Derry City & Strabane,367
2020,Jan,Causeway Coast & Glens,213
2020,Jan,Mid & East Antrim,258
2020,Jan,Antrim & Newtownabbey,238
2020,Jan,No Policing District Assigned,0
2020,Feb,Northern Ireland,3698
2020,Feb,Belfast City,1138
2020,Feb,Lisburn & Castlereagh City,254
2020,Feb,Ards & North Down,274
2020,Feb,Newry Mourne & Down,299
2020,Feb,Armagh City Banbridge & Craigavon,330
2020,Feb,Mid Ulster,222
2020,Feb,Fermanagh & Omagh,214
2020,Feb,Derry City & Strabane,309
2020,Feb,Causeway Coast & Glens,176
2020,Feb,Mid & East Antrim,226
2020,Feb,Antrim & Newtownabbey,256
2020,Feb,No Policing District Assigned,0
2020,Mar,Northern Ireland,4344
2020,Mar,Belfast City,1316
2020,Mar,Lisburn & Castlereagh City,273
2020,Mar,Ards & North Down,331
2020,Mar,Newry Mourne & Down,385
2020,Mar,Armagh City Banbridge & Craigavon,421
2020,Mar,Mid Ulster,223
2020,Mar,Fermanagh & Omagh,212
2020,Mar,Derry City & Strabane,388
2020,Mar,Causeway Coast & Glens,230
2020,Mar,Mid & East Antrim,279
2020,Mar,Antrim & Newtownabbey,286
2020,Mar,No Policing District Assigned,0
2020,Apr,Northern Ireland,7825
2020,Apr,Belfast City,1948
2020,Apr,Lisburn & Castlereagh City,497
2020,Apr,Ards & North Down,699
2020,Apr,Newry Mourne & Down,614
2020,Apr,Armagh City Banbridge & Craigavon,863
2020,Apr,Mid Ulster,463
2020,Apr,Fermanagh & Omagh,401
2020,Apr,Derry City & Strabane,695
2020,Apr,Causeway Coast & Glens,484
2020,Apr,Mid & East Antrim,580
2020,Apr,Antrim & Newtownabbey,581
2020,Apr,No Policing District Assigned,0
2020,May,Northern Ireland,8116
2020,May,Belfast City,2165
2020,May,Lisburn & Castlereagh City,469
2020,May,Ards & North Down,771
2020,May,Newry Mourne & Down,699
2020,May,Armagh City Banbridge & Craigavon,833
2020,May,Mid Ulster,408
2020,May,Fermanagh & Omagh,354
2020,May,Derry City & Strabane,679
2020,May,Causeway Coast & Glens,551
2020,May,Mid & East Antrim,552
2020,May,Antrim & Newtownabbey,635
2020,May,No Policing District Assigned,0
2020,Jun,Northern Ireland,6816
2020,Jun,Belfast City,2077
2020,Jun,Lisburn & Castlereagh City,390
2020,Jun,Ards & North Down,597
2020,Jun,Newry Mourne & Down,532
2020,Jun,Armagh City Banbridge & Craigavon,701
2020,Jun,Mid Ulster,315
2020,Jun,Fermanagh & Omagh,285
2020,Jun,Derry City & Strabane,612
2020,Jun,Causeway Coast & Glens,416
2020,Jun,Mid & East Antrim,437
2020,Jun,Antrim & Newtownabbey,454
2020,Jun,No Policing District Assigned,0
2020,Jul,Northern Ireland,6950
2020,Jul,Belfast City,2111
2020,Jul,Lisburn & Castlereagh City,413
2020,Jul,Ards & North Down,543
2020,Jul,Newry Mourne & Down,605
2020,Jul,Armagh City Banbridge & Craigavon,677
2020,Jul,Mid Ulster,345
2020,Jul,Fermanagh & Omagh,323
2020,Jul,Derry City & Strabane,641
2020,Jul,Causeway Coast & Glens,454
2020,Jul,Mid & East Antrim,401
2020,Jul,Antrim & Newtownabbey,437
2020,Jul,No Policing District Assigned,0
2020,Aug,Northern Ireland,6801
2020,Aug,Belfast City,2017
2020,Aug,Lisburn & Castlereagh City,376
2020,Aug,Ards & North Down,511
2020,Aug,Newry Mourne & Down,520
2020,Aug,Armagh City Banbridge & Craigavon,673
2020,Aug,Mid Ulster,355
2020,Aug,Fermanagh & Omagh,368
2020,Aug,Derry City & Strabane,609
2020,Aug,Causeway Coast & Glens,483
2020,Aug,Mid & East Antrim,439
2020,Aug,Antrim & Newtownabbey,450
2020,Aug,No Policing District Assigned,0
2020,Sep,Northern Ireland,6500
2020,Sep,Belfast City,1956
2020,Sep,Lisburn & Castlereagh City,385
2020,Sep,Ards & North Down,434
2020,Sep,Newry Mourne & Down,499
2020,Sep,Armagh City Banbridge & Craigavon,669
2020,Sep,Mid Ulster,355
2020,Sep,Fermanagh & Omagh,317
2020,Sep,Derry City & Strabane,544
2020,Sep,Causeway Coast & Glens,433
2020,Sep,Mid & East Antrim,444
2020,Sep,Antrim & Newtownabbey,464
2020,Sep,No Policing District Assigned,0
2020,Oct,Northern Ireland,6975
2020,Oct,Belfast City,1768
2020,Oct,Lisburn & Castlereagh City,389
2020,Oct,Ards & North Down,531
2020,Oct,Newry Mourne & Down,657
2020,Oct,Armagh City Banbridge & Craigavon,776
2020,Oct,Mid Ulster,406
2020,Oct,Fermanagh & Omagh,364
2020,Oct,Derry City & Strabane,577
2020,Oct,Causeway Coast & Glens,431
2020,Oct,Mid & East Antrim,542
2020,Oct,Antrim & Newtownabbey,534
2020,Oct,No Policing District Assigned,0
2020,Nov,Northern Ireland,4751
2020,Nov,Belfast City,1397
2020,Nov,Lisburn & Castlereagh City,298
2020,Nov,Ards & North Down,333
2020,Nov,Newry Mourne & Down,375
2020,Nov,Armagh City Banbridge & Craigavon,504
2020,Nov,Mid Ulster,236
2020,Nov,Fermanagh & Omagh,263
2020,Nov,Derry City & Strabane,362
2020,Nov,Causeway Coast & Glens,341
2020,Nov,Mid & East Antrim,336
2020,Nov,Antrim & Newtownabbey,306
2020,Nov,No Policing District Assigned,0
2020,Dec,Northern Ireland,4541
2020,Dec,Belfast City,1209
2020,Dec,Lisburn & Castlereagh City,317
2020,Dec,Ards & North Down,327
2020,Dec,Newry Mourne & Down,410
2020,Dec,Armagh City Banbridge & Craigavon,453
2020,Dec,Mid Ulster,240
2020,Dec,Fermanagh & Omagh,258
2020,Dec,Derry City & Strabane,399
2020,Dec,Causeway Coast & Glens,315
2020,Dec,Mid & East Antrim,338
2020,Dec,Antrim & Newtownabbey,275
2020,Dec,No Policing District Assigned,0
2021,Jan,Northern Ireland,5041
2021,Jan,Belfast City,1333
2021,Jan,Lisburn & Castlereagh City,306
2021,Jan,Ards & North Down,364
2021,Jan,Newry Mourne & Down,499
2021,Jan,Armagh City Banbridge & Craigavon,534
2021,Jan,Mid Ulster,282
2021,Jan,Fermanagh & Omagh,295
2021,Jan,Derry City & Strabane,450
2021,Jan,Causeway Coast & Glens,314
2021,Jan,Mid & East Antrim,346
2021,Jan,Antrim & Newtownabbey,318
2021,Jan,No Policing District Assigned,0
2021,Feb,Northern Ireland,5040
2021,Feb,Belfast City,1369
2021,Feb,Lisburn & Castlereagh City,315
2021,Feb,Ards & North Down,343
2021,Feb,Newry Mourne & Down,427
2021,Feb,Armagh City Banbridge & Craigavon,561
2021,Feb,Mid Ulster,255
2021,Feb,Fermanagh & Omagh,256
2021,Feb,Derry City & Strabane,402
2021,Feb,Causeway Coast & Glens,322
2021,Feb,Mid & East Antrim,418
2021,Feb,Antrim & Newtownabbey,372
2021,Feb,No Policing District Assigned,0
2021,Mar,Northern Ireland,6707
2021,Mar,Belfast City,1896
2021,Mar,Lisburn & Castlereagh City,448
2021,Mar,Ards & North Down,572
2021,Mar,Newry Mourne & Down,523
2021,Mar,Armagh City Banbridge & Craigavon,735
2021,Mar,Mid Ulster,291
2021,Mar,Fermanagh & Omagh,308
2021,Mar,Derry City & Strabane,552
2021,Mar,Causeway Coast & Glens,418
2021,Mar,Mid & East Antrim,475
2021,Mar,Antrim & Newtownabbey,489
2021,Mar,No Policing District Assigned,0
2021,Apr,Northern Ireland,6079
2021,Apr,Belfast City,1773
2021,Apr,Lisburn & Castlereagh City,406
2021,Apr,Ards & North Down,487
2021,Apr,Newry Mourne & Down,464
2021,Apr,Armagh City Banbridge & Craigavon,641
2021,Apr,Mid Ulster,286
2021,Apr,Fermanagh & Omagh,276
2021,Apr,Derry City & Strabane,446
2021,Apr,Causeway Coast & Glens,404
2021,Apr,Mid & East Antrim,428
2021,Apr,Antrim & Newtownabbey,468
2021,Apr,No Policing District Assigned,0
2021,May,Northern Ireland,5757
2021,May,Belfast City,1685
2021,May,Lisburn & Castlereagh City,312
2021,May,Ards & North Down,506
2021,May,Newry Mourne & Down,458
2021,May,Armagh City Banbridge & Craigavon,637
2021,May,Mid Ulster,327
2021,May,Fermanagh & Omagh,272
2021,May,Derry City & Strabane,409
2021,May,Causeway Coast & Glens,384
2021,May,Mid & East Antrim,352
2021,May,Antrim & Newtownabbey,415
2021,May,No Policing District Assigned,0
2021,Jun,Northern Ireland,5920
2021,Jun,Belfast City,1676
2021,Jun,Lisburn & Castlereagh City,346
2021,Jun,Ards & North Down,471
2021,Jun,Newry Mourne & Down,459
2021,Jun,Armagh City Banbridge & Craigavon,643
2021,Jun,Mid Ulster,322
2021,Jun,Fermanagh & Omagh,283
2021,Jun,Derry City & Strabane,442
2021,Jun,Causeway Coast & Glens,441
2021,Jun,Mid & East Antrim,445
2021,Jun,Antrim & Newtownabbey,392
2021,Jun,No Policing District Assigned,0
2021,Jul,Northern Ireland,6318
2021,Jul,Belfast City,1771
2021,Jul,Lisburn & Castlereagh City,393
2021,Jul,Ards & North Down,524
2021,Jul,Newry Mourne & Down,559
2021,Jul,Armagh City Banbridge & Craigavon,689
2021,Jul,Mid Ulster,321
2021,Jul,Fermanagh & Omagh,315
2021,Jul,Derry City & Strabane,481
2021,Jul,Causeway Coast & Glens,470
2021,Jul,Mid & East Antrim,439
2021,Jul,Antrim & Newtownabbey,356
2021,Jul,No Policing District Assigned,0
2021,Aug,Northern Ireland,5065
2021,Aug,Belfast City,1526
2021,Aug,Lisburn & Castlereagh City,231
2021,Aug,Ards & North Down,429
2021,Aug,Newry Mourne & Down,460
2021,Aug,Armagh City Banbridge & Craigavon,525
2021,Aug,Mid Ulster,266
2021,Aug,Fermanagh & Omagh,241
2021,Aug,Derry City & Strabane,417
2021,Aug,Causeway Coast & Glens,343
2021,Aug,Mid & East Antrim,341
2021,Aug,Antrim & Newtownabbey,286
2021,Aug,No Policing District Assigned,0
2021,Sep,Northern Ireland,4949
2021,Sep,Belfast City,1584
2021,Sep,Lisburn & Castlereagh City,251
2021,Sep,Ards & North Down,369
2021,Sep,Newry Mourne & Down,388
2021,Sep,Armagh City Banbridge & Craigavon,537
2021,Sep,Mid Ulster,240
2021,Sep,Fermanagh & Omagh,261
2021,Sep,Derry City & Strabane,368
2021,Sep,Causeway Coast & Glens,315
2021,Sep,Mid & East Antrim,347
2021,Sep,Antrim & Newtownabbey,289
2021,Sep,No Policing District Assigned,0
2021,Oct,Northern Ireland,5099
2021,Oct,Belfast City,1402
2021,Oct,Lisburn & Castlereagh City,285
2021,Oct,Ards & North Down,396
2021,Oct,Newry Mourne & Down,502
2021,Oct,Armagh City Banbridge & Craigavon,592
2021,Oct,Mid Ulster,251
2021,Oct,Fermanagh & Omagh,284
2021,Oct,Derry City & Strabane,379
2021,Oct,Causeway Coast & Glens,317
2021,Oct,Mid & East Antrim,374
2021,Oct,Antrim & Newtownabbey,317
2021,Oct,No Policing District Assigned,0
2021,Nov,Northern Ireland,3717
2021,Nov,Belfast City,1049
2021,Nov,Lisburn & Castlereagh City,247
2021,Nov,Ards & North Down,300
2021,Nov,Newry Mourne & Down,312
2021,Nov,Armagh City Banbridge & Craigavon,425
2021,Nov,Mid Ulster,207
2021,Nov,Fermanagh & Omagh,185
2021,Nov,Derry City & Strabane,299
2021,Nov,Causeway Coast & Glens,255
2021,Nov,Mid & East Antrim,224
2021,Nov,Antrim & Newtownabbey,214
2021,Nov,No Policing District Assigned,0
2021,Dec,Northern Ireland,3585
2021,Dec,Belfast City,1042
2021,Dec,Lisburn & Castlereagh City,219
2021,Dec,Ards & North Down,210
2021,Dec,Newry Mourne & Down,305
2021,Dec,Armagh City Banbridge & Craigavon,426
2021,Dec,Mid Ulster,215
2021,Dec,Fermanagh & Omagh,218
2021,Dec,Derry City & Strabane,314
2021,Dec,Causeway Coast & Glens,196
2021,Dec,Mid & East Antrim,236
2021,Dec,Antrim & Newtownabbey,204
2021,Dec,No Policing District Assigned,0
2022,Jan,Northern Ireland,3802
2022,Jan,Belfast City,1197
2022,Jan,Lisburn & Castlereagh City,255
2022,Jan,Ards & North Down,258
2022,Jan,Newry Mourne & Down,304
2022,Jan,Armagh City Banbridge & Craigavon,389
2022,Jan,Mid Ulster,185
2022,Jan,Fermanagh & Omagh,138
2022,Jan,Derry City & Strabane,363
2022,Jan,Causeway Coast & Glens,248
2022,Jan,Mid & East Antrim,236
2022,Jan,Antrim & Newtownabbey,229
2022,Jan,No Policing District Assigned,0
2022,Feb,Northern Ireland,3246
2022,Feb,Belfast City,1026
2022,Feb,Lisburn & Castlereagh City,174
2022,Feb,Ards & North Down,242
2022,Feb,Newry Mourne & Down,256
2022,Feb,Armagh City Banbridge & Craigavon,326
2022,Feb,Mid Ulster,171
2022,Feb,Fermanagh & Omagh,145
2022,Feb,Derry City & Strabane,270
2022,Feb,Causeway Coast & Glens,190
2022,Feb,Mid & East Antrim,227
2022,Feb,Antrim & Newtownabbey,219
2022,Feb,No Policing District Assigned,0
2022,Mar,Northern Ireland,4195
2022,Mar,Belfast City,1308
2022,Mar,Lisburn & Castlereagh City,231
2022,Mar,Ards & North Down,314
2022,Mar,Newry Mourne & Down,355
2022,Mar,Armagh City Banbridge & Craigavon,460
2022,Mar,Mid Ulster,223
2022,Mar,Fermanagh & Omagh,148
2022,Mar,Derry City & Strabane,340
2022,Mar,Causeway Coast & Glens,279
2022,Mar,Mid & East Antrim,296
2022,Mar,Antrim & Newtownabbey,241
2022,Mar,No Policing District Assigned,0
2022,Apr,Northern Ireland,4068
2022,Apr,Belfast City,1231
2022,Apr,Lisburn & Castlereagh City,221
2022,Apr,Ards & North Down,280
2022,Apr,Newry Mourne & Down,344
2022,Apr,Armagh City Banbridge & Craigavon,470
2022,Apr,Mid Ulster,236
2022,Apr,Fermanagh & Omagh,164
2022,Apr,Derry City & Strabane,327
2022,Apr,Causeway Coast & Glens,268
2022,Apr,Mid & East Antrim,269
2022,Apr,Antrim & Newtownabbey,257
2022,Apr,No Policing District Assigned,1
2022,May,Northern Ireland,4268
2022,May,Belfast City,1334
2022,May,Lisburn & Castlereagh City,273
2022,May,Ards & North Down,277
2022,May,Newry Mourne & Down,385
2022,May,Armagh City Banbridge & Craigavon,449
2022,May,Mid Ulster,190
2022,May,Fermanagh & Omagh,170
2022,May,Derry City & Strabane,339
2022,May,Causeway Coast & Glens,301
2022,May,Mid & East Antrim,298
2022,May,Antrim & Newtownabbey,251
2022,May,No Policing District Assigned,1
2022,Jun,Northern Ireland,4121
2022,Jun,Belfast City,1276
2022,Jun,Lisburn & Castlereagh City,247
2022,Jun,Ards & North Down,288
2022,Jun,Newry Mourne & Down,362
2022,Jun,Armagh City Banbridge & Craigavon,483
2022,Jun,Mid Ulster,206
2022,Jun,Fermanagh & Omagh,177
2022,Jun,Derry City & Strabane,329
2022,Jun,Causeway Coast & Glens,258
2022,Jun,Mid & East Antrim,269
2022,Jun,Antrim & Newtownabbey,221
2022,Jun,No Policing District Assigned,5
2022,Jul,Northern Ireland,4630
2022,Jul,Belfast City,1305
2022,Jul,Lisburn & Castlereagh City,293
2022,Jul,Ards & North Down,391
2022,Jul,Newry Mourne & Down,410
2022,Jul,Armagh City Banbridge & Craigavon,493
2022,Jul,Mid Ulster,222
2022,Jul,Fermanagh & Omagh,183
2022,Jul,Derry City & Strabane,355
2022,Jul,Causeway Coast & Glens,316
2022,Jul,Mid & East Antrim,355
2022,Jul,Antrim & Newtownabbey,303
2022,Jul,No Policing District Assigned,4
2022,Aug,Northern Ireland,4816
2022,Aug,Belfast City,1433
2022,Aug,Lisburn & Castlereagh City,304
2022,Aug,Ards & North Down,394
2022,Aug,Newry Mourne & Down,393
2022,Aug,Armagh City Banbridge & Craigavon,542
2022,Aug,Mid Ulster,201
2022,Aug,Fermanagh & Omagh,213
2022,Aug,Derry City & Strabane,407
2022,Aug,Causeway Coast & Glens,285
2022,Aug,Mid & East Antrim,335
2022,Aug,Antrim & Newtownabbey,305
2022,Aug,No Policing District Assigned,4
2022,Sep,Northern Ireland,4316
2022,Sep,Belfast City,1377
2022,Sep,Lisburn & Castlereagh City,261
2022,Sep,Ards & North Down,309
2022,Sep,Newry Mourne & Down,325
2022,Sep,Armagh City Banbridge & Craigavon,482
2022,Sep,Mid Ulster,207
2022,Sep,Fermanagh & Omagh,209
2022,Sep,Derry City & Strabane,292
2022,Sep,Causeway Coast & Glens,229
2022,Sep,Mid & East Antrim,300
2022,Sep,Antrim & Newtownabbey,316
2022,Sep,No Policing District Assigned,9
